company_name,intern_role,stipend,location_mode,skills_required,degrees_eligible,skill_count,degree_count,is_remote,high_stipend,is_top_company,stipend_tier,skill_level,company_size,is_large_company,role_popularity,is_popular_role,intern_role_encoded,location_mode_encoded,company_name_encoded,degrees_eligible_encoded,stipend_tier_encoded,skill_level_encoded,quality_score,recommended
HCL,Mobile App Development Intern,20000,Gujarat,"NodeJS, Excel, MATLAB, Java, JavaScript",B.Tech,5,1,0,1,0,Medium,Advanced,32,0,36,0,7,5,7,0,2,0,6,1
IBM,UI/UX Design Intern,15000,Uttar Pradesh,"NodeJS, Tableau, MATLAB, C++, Kubernetes","MSc, BSc, BE",5,3,0,0,0,Medium,Advanced,43,1,61,1,9,16,8,76,2,0,6,1
Google,Business Analyst Intern,20000,Kerala,"Kubernetes, Azure, JavaScript, Power BI, Docker","B.Tech, MBA, MSc",5,3,0,1,1,Medium,Advanced,29,0,43,0,0,7,6,11,2,0,9,1
Infosys,Digital Marketing Intern,5000,Assam,"Azure, Docker, MATLAB",MSc,3,1,0,0,0,Low,Intermediate,46,1,39,0,4,1,9,67,1,2,3,0
Amazon,UI/UX Design Intern,30000,Chandigarh,"Java, Kubernetes","BE, BSc",2,2,0,1,1,Very High,Basic,35,0,61,1,9,3,1,21,3,1,7,1
Cognizant,Business Analyst Intern,10000,Uttar Pradesh,"MATLAB, HTML/CSS","B.Tech, MSc",2,2,0,0,0,Low,Basic,39,0,43,0,0,16,4,12,1,1,3,0
Byjus,Embedded Systems Intern,10000,Tamil Nadu,"Linux, ReactJS","MSc, B.Tech",2,2,0,0,0,Low,Basic,30,0,50,1,5,14,2,68,1,1,3,0
Accenture,Business Analyst Intern,10000,Rajasthan,"C++, Linux, Tableau","MBA, BSc",3,2,0,0,0,Low,Intermediate,41,1,43,0,0,12,0,59,1,2,4,0
IBM,Cybersecurity Intern,15000,Telangana,"Power BI, Tableau, AWS","BE, MBA, MSc",3,3,0,0,0,Medium,Intermediate,43,1,42,0,2,15,8,28,2,2,5,0
Cognizant,Machine Learning Intern,20000,West Bengal,"Excel, Docker, Azure, Keras, JavaScript","BSc, MSc, MBA",5,3,0,1,0,Medium,Advanced,39,0,51,1,6,17,4,49,2,0,7,1
Amazon,UI/UX Design Intern,20000,Remote,"Linux, Java, ReactJS, Kubernetes","B.Tech, MBA, BSc",4,3,1,1,1,Medium,Intermediate,35,0,61,1,9,13,1,10,2,2,10,1
TCS,Cloud Engineering Intern,20000,Assam,"Python, SolidWorks, Keras, SQL","BE, B.Tech",4,2,0,1,0,Medium,Intermediate,30,0,38,0,1,1,11,17,2,2,5,0
TCS,Mobile App Development Intern,20000,Telangana,"JavaScript, ReactJS, SolidWorks","BE, BSc",3,2,0,1,0,Medium,Intermediate,30,0,36,0,7,15,11,21,2,2,5,0
Capgemini,Mobile App Development Intern,25000,Gujarat,"HTML/CSS, SolidWorks, Docker","MBA, B.Tech",3,2,0,1,0,High,Intermediate,41,1,36,0,7,5,3,51,0,2,6,1
Byjus,Web Development Intern,15000,Odisha,"Azure, PyTorch","MBA, BSc, B.Tech",2,3,0,0,0,Medium,Basic,30,0,47,1,10,10,2,60,2,1,4,0
HCL,Web Development Intern,25000,Gujarat,"CAD, Azure, Tableau, MATLAB, ReactJS","MBA, B.Tech",5,2,0,1,0,High,Advanced,32,0,47,1,10,5,7,51,0,0,7,1
Tech Mahindra,Robotics Intern,10000,Kerala,"C++, TensorFlow, Excel","MBA, MSc, BE",3,3,0,0,0,Low,Intermediate,40,0,47,1,8,7,12,65,1,2,5,0
Microsoft,Business Analyst Intern,25000,Karnataka,"AWS, Tableau, PyTorch, Power BI","BSc, MBA, BE",4,3,0,1,1,High,Intermediate,26,0,43,0,0,6,10,44,0,2,9,1
IBM,UI/UX Design Intern,25000,Gujarat,"CAD, MATLAB","MBA, BSc, MSc",2,3,0,1,0,High,Basic,43,1,61,1,9,5,8,62,0,1,6,1
HCL,Digital Marketing Intern,5000,Kerala,"Java, CAD, C++, Power BI",MBA,4,1,0,0,0,Low,Intermediate,32,0,39,0,4,7,7,50,1,2,3,0
Tech Mahindra,Robotics Intern,5000,Gujarat,"ReactJS, JavaScript, CAD, AWS","BE, MBA",4,2,0,0,0,Low,Intermediate,40,0,47,1,8,5,12,25,1,2,3,0
IBM,Cybersecurity Intern,20000,Punjab,"Azure, CAD, MATLAB, TensorFlow",BSc,4,1,0,1,0,Medium,Intermediate,43,1,42,0,2,11,8,33,2,2,5,0
Flipkart,Machine Learning Intern,15000,Maharashtra,"Tableau, Excel, NodeJS, JavaScript",BE,4,1,0,0,0,Medium,Intermediate,37,0,51,1,6,9,5,16,2,2,4,0
Wipro,Robotics Intern,25000,Madhya Pradesh,"Kubernetes, PyTorch, ReactJS","B.Tech, BSc, MBA",3,3,0,1,0,High,Intermediate,31,0,47,1,8,8,13,6,0,2,7,1
Cognizant,Embedded Systems Intern,20000,Chandigarh,"Power BI, ReactJS, Linux, Keras, SQL",BSc,5,1,0,1,0,Medium,Advanced,39,0,50,1,5,3,4,33,2,0,6,1
Capgemini,Data Science Intern,10000,Punjab,"Power BI, Excel, Azure, Python",BE,4,1,0,0,0,Low,Intermediate,41,1,46,1,3,11,3,16,1,2,4,0
Amazon,Cloud Engineering Intern,30000,Karnataka,"SolidWorks, Azure, C++, PyTorch, Python",BSc,5,1,0,1,1,Very High,Advanced,35,0,38,0,1,6,1,33,3,0,9,1
Wipro,Mobile App Development Intern,20000,Delhi,"SolidWorks, Kubernetes","MSc, BE, MBA",2,3,0,1,0,Medium,Basic,31,0,36,0,7,4,13,74,2,1,5,0
Wipro,Embedded Systems Intern,30000,Andhra Pradesh,"JavaScript, Java","MSc, MBA",2,2,0,1,0,Very High,Basic,31,0,50,1,5,0,13,78,3,1,5,0
IBM,Cybersecurity Intern,25000,Odisha,"HTML/CSS, CAD, ReactJS, NodeJS","BSc, BE, B.Tech",4,3,0,1,0,High,Intermediate,43,1,42,0,2,10,8,39,0,2,7,1
IBM,Data Science Intern,30000,Kerala,"PyTorch, JavaScript, HTML/CSS","BE, B.Tech",3,2,0,1,0,Very High,Intermediate,43,1,46,1,3,7,8,17,3,2,6,1
Cognizant,Cloud Engineering Intern,25000,Maharashtra,"Power BI, Excel, MATLAB, C++","MBA, MSc",4,2,0,1,0,High,Intermediate,39,0,38,0,1,9,4,63,0,2,6,1
Amazon,Cloud Engineering Intern,15000,Andhra Pradesh,"Python, AWS, NodeJS, HTML/CSS","MBA, B.Tech, BSc",4,3,0,0,1,Medium,Intermediate,35,0,38,0,1,0,1,53,2,2,7,1
TCS,Mobile App Development Intern,5000,Maharashtra,"TensorFlow, MATLAB",MBA,2,1,0,0,0,Low,Basic,30,0,36,0,7,9,11,50,1,1,2,0
Byjus,Business Analyst Intern,20000,Delhi,"Tableau, Excel, SQL","MBA, MSc",3,2,0,1,0,Medium,Intermediate,30,0,43,0,0,4,2,63,2,2,5,0
IBM,UI/UX Design Intern,10000,Odisha,"Excel, SQL","MSc, MBA",2,2,0,0,0,Low,Basic,43,1,61,1,9,10,8,78,1,1,3,0
TCS,UI/UX Design Intern,25000,Telangana,"MATLAB, Excel, Linux, TensorFlow, HTML/CSS","B.Tech, BE",5,2,0,1,0,High,Advanced,30,0,61,1,9,15,11,1,0,0,7,1
Byjus,Data Science Intern,10000,Delhi,"C++, Kubernetes, ReactJS, Keras","BE, B.Tech, BSc",4,3,0,0,0,Low,Intermediate,30,0,46,1,3,4,2,18,1,2,5,0
IBM,Web Development Intern,30000,Madhya Pradesh,"Docker, CAD, Python, SolidWorks","BE, B.Tech, MBA",4,3,0,1,0,Very High,Intermediate,43,1,47,1,10,8,8,19,3,2,7,1
HCL,UI/UX Design Intern,5000,Rajasthan,"JavaScript, HTML/CSS, C++",MBA,3,1,0,0,0,Low,Intermediate,32,0,61,1,9,12,7,50,1,2,3,0
Flipkart,Data Science Intern,25000,Karnataka,"C++, Kubernetes","BSc, B.Tech",2,2,0,1,0,High,Basic,37,0,46,1,3,6,5,34,0,1,5,0
Flipkart,Cloud Engineering Intern,30000,Gujarat,"MATLAB, Excel, Power BI, TensorFlow","BSc, B.Tech, MSc",4,3,0,1,0,Very High,Intermediate,37,0,38,0,1,5,5,37,3,2,7,1
HCL,Mobile App Development Intern,25000,Madhya Pradesh,"Java, CAD, HTML/CSS, C++","BE, BSc",4,2,0,1,0,High,Intermediate,32,0,36,0,7,8,7,21,0,2,6,1
Tech Mahindra,Cybersecurity Intern,10000,Assam,"HTML/CSS, Excel, Tableau",MSc,3,1,0,0,0,Low,Intermediate,40,0,42,0,2,1,12,67,1,2,4,0
Capgemini,Embedded Systems Intern,20000,Karnataka,"Azure, AWS, Kubernetes, Python","MBA, B.Tech",4,2,0,1,0,Medium,Intermediate,41,1,50,1,5,6,3,51,2,2,5,0
Accenture,UI/UX Design Intern,30000,Andhra Pradesh,"ReactJS, Keras, Java",BE,3,1,0,1,0,Very High,Intermediate,41,1,61,1,9,0,0,16,3,2,6,1
Tech Mahindra,UI/UX Design Intern,20000,Punjab,"Linux, Docker, HTML/CSS, Kubernetes, Keras",MBA,5,1,0,1,0,Medium,Advanced,40,0,61,1,9,11,12,50,2,0,6,1
IBM,Cloud Engineering Intern,20000,West Bengal,"NodeJS, Python, Power BI, TensorFlow, Linux","BSc, MSc",5,2,0,1,0,Medium,Advanced,43,1,38,0,1,17,8,46,2,0,6,1
Microsoft,Digital Marketing Intern,20000,Maharashtra,"TensorFlow, Azure",MSc,2,1,0,1,1,Medium,Basic,26,0,39,0,4,9,10,67,2,1,6,1
Google,Robotics Intern,20000,Uttar Pradesh,"Keras, HTML/CSS","BE, MBA",2,2,0,1,1,Medium,Basic,29,0,47,1,8,16,6,25,2,1,6,1
Byjus,Machine Learning Intern,15000,Madhya Pradesh,"Excel, Docker, Python, Power BI, CAD","BSc, MBA, B.Tech",5,3,0,0,0,Medium,Advanced,30,0,51,1,6,8,2,43,2,0,6,1
TCS,UI/UX Design Intern,15000,Tamil Nadu,"Kubernetes, HTML/CSS","MBA, BE, B.Tech",2,3,0,0,0,Medium,Basic,30,0,61,1,9,14,11,56,2,1,4,0
Microsoft,Robotics Intern,5000,Assam,"Linux, HTML/CSS",BSc,2,1,0,0,1,Low,Basic,26,0,47,1,8,1,10,33,1,1,4,0
Accenture,Data Science Intern,25000,Remote,"JavaScript, Kubernetes, PyTorch",B.Tech,3,1,1,1,0,High,Intermediate,41,1,46,1,3,13,0,0,0,2,8,1
Infosys,Cloud Engineering Intern,10000,Kerala,"Linux, AWS, JavaScript",BSc,3,1,0,0,0,Low,Intermediate,46,1,38,0,1,7,9,33,1,2,4,0
Byjus,Data Science Intern,20000,Odisha,"Tableau, CAD, SQL","MSc, MBA",3,2,0,1,0,Medium,Intermediate,30,0,46,1,3,10,2,78,2,2,5,0
TCS,Mobile App Development Intern,30000,Telangana,"Power BI, SQL, Keras","MSc, BSc",3,2,0,1,0,Very High,Intermediate,30,0,36,0,7,15,11,75,3,2,6,1
Amazon,Robotics Intern,25000,Punjab,"Java, Power BI, Linux","BSc, MSc, MBA",3,3,0,1,1,High,Intermediate,35,0,47,1,8,11,1,49,0,2,9,1
Amazon,Robotics Intern,25000,Punjab,"PyTorch, JavaScript","MBA, BE",2,2,0,1,1,High,Basic,35,0,47,1,8,11,1,55,0,1,7,1
Capgemini,UI/UX Design Intern,10000,Assam,"Excel, MATLAB, Power BI","BSc, MSc, B.Tech",3,3,0,0,0,Low,Intermediate,41,1,61,1,9,1,3,47,1,2,5,0
Wipro,Mobile App Development Intern,25000,Gujarat,"Keras, Docker","MBA, MSc",2,2,0,1,0,High,Basic,31,0,36,0,7,5,13,63,0,1,5,0
Accenture,UI/UX Design Intern,5000,Telangana,"TensorFlow, JavaScript, MATLAB","MSc, BE, MBA",3,3,0,0,0,Low,Intermediate,41,1,61,1,9,15,0,74,1,2,4,0
Accenture,Mobile App Development Intern,25000,Remote,"SolidWorks, CAD","BE, B.Tech",2,2,1,1,0,High,Basic,41,1,36,0,7,13,0,17,0,1,7,1
Wipro,Web Development Intern,30000,Maharashtra,"AWS, TensorFlow, HTML/CSS","B.Tech, MSc",3,2,0,1,0,Very High,Intermediate,31,0,47,1,10,9,13,12,3,2,6,1
Cognizant,Robotics Intern,5000,Telangana,"SolidWorks, AWS, CAD","MBA, BSc",3,2,0,0,0,Low,Intermediate,39,0,47,1,8,15,4,59,1,2,3,0
Microsoft,Web Development Intern,25000,Kerala,"AWS, HTML/CSS, SolidWorks, MATLAB, ReactJS","BSc, MSc, B.Tech",5,3,0,1,1,High,Advanced,26,0,47,1,10,7,10,47,0,0,10,1
Capgemini,Cloud Engineering Intern,5000,Gujarat,"CAD, Tableau, HTML/CSS, SolidWorks",B.Tech,4,1,0,0,0,Low,Intermediate,41,1,38,0,1,5,3,0,1,2,3,0
Cognizant,Web Development Intern,15000,West Bengal,"MATLAB, Docker, JavaScript, NodeJS, Java",MBA,5,1,0,0,0,Medium,Advanced,39,0,47,1,10,17,4,50,2,0,5,0
Amazon,Web Development Intern,10000,Bihar,"Keras, Excel, SolidWorks, Kubernetes, Power BI","B.Tech, MBA",5,2,0,0,1,Low,Advanced,35,0,47,1,10,2,1,8,1,0,7,1
TCS,Web Development Intern,20000,Gujarat,"Docker, TensorFlow, CAD, MATLAB",BE,4,1,0,1,0,Medium,Intermediate,30,0,47,1,10,5,11,16,2,2,5,0
Wipro,Machine Learning Intern,15000,Uttar Pradesh,"Kubernetes, Python, JavaScript, PyTorch","BE, BSc",4,2,0,0,0,Medium,Intermediate,31,0,51,1,6,16,13,21,2,2,4,0
Byjus,Cloud Engineering Intern,15000,Gujarat,"PyTorch, MATLAB, JavaScript",B.Tech,3,1,0,0,0,Medium,Intermediate,30,0,38,0,1,5,2,0,2,2,4,0
Accenture,Cloud Engineering Intern,5000,Chandigarh,"C++, Excel","BSc, MSc",2,2,0,0,0,Low,Basic,41,1,38,0,1,3,0,46,1,1,2,0
Capgemini,Web Development Intern,20000,Tamil Nadu,"Azure, HTML/CSS, PyTorch","MSc, B.Tech, BSc",3,3,0,1,0,Medium,Intermediate,41,1,47,1,10,14,3,70,2,2,6,1
Microsoft,Cybersecurity Intern,5000,Chandigarh,"Docker, NodeJS, Azure","MBA, BE, MSc",3,3,0,0,1,Low,Intermediate,26,0,42,0,2,3,10,58,1,2,6,1
Capgemini,Cybersecurity Intern,20000,Assam,"HTML/CSS, Power BI","BE, BSc, MBA",2,3,0,1,0,Medium,Basic,41,1,42,0,2,1,3,23,2,1,5,0
TCS,Web Development Intern,5000,Tamil Nadu,"NodeJS, Excel, Docker, C++","BSc, MBA, MSc",4,3,0,0,0,Low,Intermediate,30,0,47,1,10,14,11,45,1,2,4,0
Flipkart,Cybersecurity Intern,30000,Rajasthan,"JavaScript, Java, SQL",BSc,3,1,0,1,0,Very High,Intermediate,37,0,42,0,2,12,5,33,3,2,6,1
Tech Mahindra,Cloud Engineering Intern,5000,Madhya Pradesh,"NodeJS, Linux","BSc, MSc, B.Tech",2,3,0,0,0,Low,Basic,40,0,38,0,1,8,12,47,1,1,3,0
Amazon,Business Analyst Intern,25000,Uttar Pradesh,"Docker, Power BI","B.Tech, BE",2,2,0,1,1,High,Basic,35,0,43,0,0,16,1,1,0,1,7,1
Google,Robotics Intern,15000,Bihar,"HTML/CSS, C++, AWS, NodeJS","BE, MSc",4,2,0,0,1,Medium,Intermediate,29,0,47,1,8,2,6,29,2,2,6,1
Flipkart,UI/UX Design Intern,10000,Odisha,"CAD, Linux, Java, HTML/CSS","BE, BSc",4,2,0,0,0,Low,Intermediate,37,0,61,1,9,10,5,21,1,2,4,0
Byjus,Robotics Intern,25000,Punjab,"NodeJS, Kubernetes, C++, CAD","MSc, BSc",4,2,0,1,0,High,Intermediate,30,0,47,1,8,11,2,75,0,2,6,1
IBM,UI/UX Design Intern,10000,Kerala,"Docker, Power BI, TensorFlow, MATLAB, AWS","BSc, MSc, B.Tech",5,3,0,0,0,Low,Advanced,43,1,61,1,9,7,8,47,1,0,6,1
Flipkart,Mobile App Development Intern,10000,Assam,"Excel, Linux","B.Tech, BE, MBA",2,3,0,0,0,Low,Basic,37,0,36,0,7,1,5,2,1,1,4,0
Cognizant,Machine Learning Intern,20000,Remote,"Keras, Tableau","MSc, BE",2,2,1,1,0,Medium,Basic,39,0,51,1,6,13,4,71,2,1,6,1
Tech Mahindra,Cybersecurity Intern,5000,Tamil Nadu,"NodeJS, Tableau, Java","BE, BSc, MBA",3,3,0,0,0,Low,Intermediate,40,0,42,0,2,14,12,23,1,2,4,0
Google,Machine Learning Intern,20000,Chandigarh,"Java, ReactJS","MSc, B.Tech",2,2,0,1,1,Medium,Basic,29,0,51,1,6,3,6,68,2,1,6,1
IBM,Web Development Intern,15000,Tamil Nadu,"Kubernetes, CAD, Excel, SQL",BE,4,1,0,0,0,Medium,Intermediate,43,1,47,1,10,14,8,16,2,2,4,0
Infosys,Digital Marketing Intern,15000,Tamil Nadu,"Tableau, Python, HTML/CSS",MBA,3,1,0,0,0,Medium,Intermediate,46,1,39,0,4,14,9,50,2,2,4,0
Tech Mahindra,Web Development Intern,15000,Delhi,"Java, MATLAB","BE, B.Tech",2,2,0,0,0,Medium,Basic,40,0,47,1,10,4,12,17,2,1,3,0
Cognizant,Robotics Intern,30000,Tamil Nadu,"Tableau, TensorFlow, JavaScript, Kubernetes","BSc, MSc, BE",4,3,0,1,0,Very High,Intermediate,39,0,47,1,8,14,4,48,3,2,7,1
Wipro,UI/UX Design Intern,25000,Chandigarh,"Linux, AWS","MSc, MBA",2,2,0,1,0,High,Basic,31,0,61,1,9,3,13,78,0,1,5,0
Capgemini,Business Analyst Intern,15000,Tamil Nadu,"Kubernetes, PyTorch","BE, BSc",2,2,0,0,0,Medium,Basic,41,1,43,0,0,14,3,21,2,1,3,0
Cognizant,Digital Marketing Intern,5000,Punjab,"AWS, HTML/CSS","MBA, MSc, BE",2,3,0,0,0,Low,Basic,39,0,39,0,4,11,4,65,1,1,3,0
Flipkart,Digital Marketing Intern,15000,Madhya Pradesh,"JavaScript, Kubernetes, ReactJS",B.Tech,3,1,0,0,0,Medium,Intermediate,37,0,39,0,4,8,5,0,2,2,4,0
Capgemini,Mobile App Development Intern,20000,Kerala,"JavaScript, ReactJS, Power BI","B.Tech, MBA, BSc",3,3,0,1,0,Medium,Intermediate,41,1,36,0,7,7,3,10,2,2,6,1
Amazon,Web Development Intern,10000,Delhi,"ReactJS, AWS, Kubernetes",BSc,3,1,0,0,1,Low,Intermediate,35,0,47,1,10,4,1,33,1,2,6,1
Byjus,UI/UX Design Intern,15000,Bihar,"Kubernetes, Python, PyTorch, HTML/CSS","MBA, MSc",4,2,0,0,0,Medium,Intermediate,30,0,61,1,9,2,2,63,2,2,4,0
HCL,Business Analyst Intern,25000,Chandigarh,"MATLAB, Linux, NodeJS",MBA,3,1,0,1,0,High,Intermediate,32,0,43,0,0,3,7,50,0,2,6,1
Accenture,Business Analyst Intern,20000,Tamil Nadu,"Linux, C++, SolidWorks, Excel, AWS","BE, MBA, B.Tech",5,3,0,1,0,Medium,Advanced,41,1,43,0,0,14,0,26,2,0,7,1
Microsoft,Digital Marketing Intern,10000,Telangana,"AWS, Python, C++",MSc,3,1,0,0,1,Low,Intermediate,26,0,39,0,4,15,10,67,1,2,6,1
Capgemini,Embedded Systems Intern,20000,Bihar,"Azure, ReactJS","BSc, BE, MBA",2,3,0,1,0,Medium,Basic,41,1,50,1,5,2,3,40,2,1,5,0
Flipkart,Cybersecurity Intern,30000,Telangana,"Power BI, SolidWorks, HTML/CSS, TensorFlow","B.Tech, MBA",4,2,0,1,0,Very High,Intermediate,37,0,42,0,2,15,5,8,3,2,6,1
TCS,Business Analyst Intern,15000,Kerala,"Keras, ReactJS, TensorFlow, Docker",B.Tech,4,1,0,0,0,Medium,Intermediate,30,0,43,0,0,7,11,0,2,2,4,0
TCS,Web Development Intern,30000,Delhi,"Java, Kubernetes, Power BI","BSc, B.Tech, MSc",3,3,0,1,0,Very High,Intermediate,30,0,47,1,10,4,11,37,3,2,7,1
Tech Mahindra,Embedded Systems Intern,15000,Andhra Pradesh,"Docker, Python, SQL, HTML/CSS",BE,4,1,0,0,0,Medium,Intermediate,40,0,50,1,5,0,12,16,2,2,4,0
Accenture,Machine Learning Intern,25000,Tamil Nadu,"Kubernetes, NodeJS, JavaScript, Excel","MBA, B.Tech",4,2,0,1,0,High,Intermediate,41,1,51,1,6,14,0,51,0,2,6,1
HCL,UI/UX Design Intern,30000,Chandigarh,"SolidWorks, Docker, Python","BE, B.Tech, MSc",3,3,0,1,0,Very High,Intermediate,32,0,61,1,9,3,7,20,3,2,7,1
Capgemini,Robotics Intern,10000,Remote,"SolidWorks, Docker","BSc, BE, MSc",2,3,1,0,0,Low,Basic,41,1,47,1,8,13,3,41,1,1,6,1
Microsoft,Digital Marketing Intern,10000,Rajasthan,"Java, PyTorch, Kubernetes","BE, MBA, MSc",3,3,0,0,1,Low,Intermediate,26,0,39,0,4,12,10,28,1,2,7,1
TCS,Cloud Engineering Intern,5000,Odisha,"TensorFlow, C++, Java, SolidWorks, JavaScript",MBA,5,1,0,0,0,Low,Advanced,30,0,38,0,1,10,11,50,1,0,4,0
Tech Mahindra,Data Science Intern,5000,Telangana,"AWS, SolidWorks","MBA, BE, BSc",2,3,0,0,0,Low,Basic,40,0,46,1,3,15,12,57,1,1,3,0
Flipkart,Machine Learning Intern,10000,Kerala,"HTML/CSS, MATLAB, Azure","MBA, BE, BSc",3,3,0,0,0,Low,Intermediate,37,0,51,1,6,7,5,57,1,2,5,0
TCS,Cloud Engineering Intern,25000,Odisha,"HTML/CSS, ReactJS","B.Tech, BSc",2,2,0,1,0,High,Basic,30,0,38,0,1,10,11,4,0,1,5,0
IBM,Machine Learning Intern,25000,Punjab,"Keras, MATLAB, SQL",BE,3,1,0,1,0,High,Intermediate,43,1,51,1,6,11,8,16,0,2,6,1
Infosys,Machine Learning Intern,5000,Odisha,"CAD, Python, HTML/CSS, Keras, AWS",BSc,5,1,0,0,0,Low,Advanced,46,1,51,1,6,10,9,33,1,0,4,0
Google,Business Analyst Intern,5000,Kerala,"Tableau, C++, Excel, CAD","BSc, MBA",4,2,0,0,1,Low,Intermediate,29,0,43,0,0,7,6,42,1,2,5,0
Tech Mahindra,Cybersecurity Intern,5000,Chandigarh,"Power BI, Docker",B.Tech,2,1,0,0,0,Low,Basic,40,0,42,0,2,3,12,0,1,1,2,0
Accenture,Machine Learning Intern,15000,Rajasthan,"Excel, NodeJS, AWS, Java, Power BI","B.Tech, BSc",5,2,0,0,0,Medium,Advanced,41,1,51,1,6,12,0,4,2,0,5,0
Tech Mahindra,Data Science Intern,10000,Remote,"Excel, Docker, CAD, Java","BSc, BE",4,2,1,0,0,Low,Intermediate,40,0,46,1,3,13,12,38,1,2,6,1
HCL,Machine Learning Intern,30000,Rajasthan,"Linux, MATLAB, C++, SolidWorks, CAD",BSc,5,1,0,1,0,Very High,Advanced,32,0,51,1,6,12,7,33,3,0,7,1
IBM,Web Development Intern,25000,Bihar,"Azure, Docker, Keras",B.Tech,3,1,0,1,0,High,Intermediate,43,1,47,1,10,2,8,0,0,2,6,1
Amazon,Cybersecurity Intern,15000,Rajasthan,"PyTorch, Python, Docker","MSc, BSc, BE",3,3,0,0,1,Medium,Intermediate,35,0,42,0,2,12,1,76,2,2,7,1
Google,Business Analyst Intern,5000,Maharashtra,"Docker, Python, AWS, C++, Excel","BSc, MBA, MSc",5,3,0,0,1,Low,Advanced,29,0,43,0,0,9,6,45,1,0,7,1
Tech Mahindra,Digital Marketing Intern,30000,Assam,"MATLAB, Java, Kubernetes, HTML/CSS","MSc, MBA",4,2,0,1,0,Very High,Intermediate,40,0,39,0,4,1,12,78,3,2,6,1
Wipro,Machine Learning Intern,10000,Rajasthan,"Keras, Kubernetes, C++, HTML/CSS",B.Tech,4,1,0,0,0,Low,Intermediate,31,0,51,1,6,12,13,0,1,2,4,0
Accenture,Cloud Engineering Intern,20000,Maharashtra,"Keras, SolidWorks, SQL, C++","MSc, BE",4,2,0,1,0,Medium,Intermediate,41,1,38,0,1,9,0,71,2,2,5,0
Flipkart,Data Science Intern,5000,Kerala,"JavaScript, Excel, MATLAB",MSc,3,1,0,0,0,Low,Intermediate,37,0,46,1,3,7,5,67,1,2,3,0
TCS,Data Science Intern,15000,Gujarat,"ReactJS, SolidWorks, Excel",MBA,3,1,0,0,0,Medium,Intermediate,30,0,46,1,3,5,11,50,2,2,4,0
IBM,Cybersecurity Intern,15000,Bihar,"NodeJS, MATLAB, Excel, C++, Docker",B.Tech,5,1,0,0,0,Medium,Advanced,43,1,42,0,2,2,8,0,2,0,5,0
Infosys,Embedded Systems Intern,20000,Punjab,"PyTorch, CAD, C++","BE, MSc, MBA",3,3,0,1,0,Medium,Intermediate,46,1,50,1,5,11,9,32,2,2,6,1
HCL,Embedded Systems Intern,20000,Remote,"ReactJS, MATLAB, HTML/CSS","B.Tech, BSc, MBA",3,3,1,1,0,Medium,Intermediate,32,0,50,1,5,13,7,6,2,2,8,1
Tech Mahindra,Data Science Intern,30000,Andhra Pradesh,"Excel, Azure, Keras, TensorFlow","MBA, MSc, B.Tech",4,3,0,1,0,Very High,Intermediate,40,0,46,1,3,0,12,64,3,2,7,1
IBM,Machine Learning Intern,20000,Andhra Pradesh,"Java, AWS, PyTorch","MBA, B.Tech, BSc",3,3,0,1,0,Medium,Intermediate,43,1,51,1,6,0,8,53,2,2,6,1
HCL,Cybersecurity Intern,10000,Delhi,"MATLAB, Azure, Keras, AWS",MBA,4,1,0,0,0,Low,Intermediate,32,0,42,0,2,4,7,50,1,2,4,0
Microsoft,UI/UX Design Intern,25000,Telangana,"NodeJS, Excel",BSc,2,1,0,1,1,High,Basic,26,0,61,1,9,15,10,33,0,1,7,1
Infosys,Data Science Intern,30000,Remote,"Kubernetes, Excel, TensorFlow","BSc, BE",3,2,1,1,0,Very High,Intermediate,46,1,46,1,3,13,9,38,3,2,8,1
Flipkart,UI/UX Design Intern,30000,Telangana,"JavaScript, ReactJS, Tableau, Azure","B.Tech, MSc",4,2,0,1,0,Very High,Intermediate,37,0,61,1,9,15,5,12,3,2,6,1
Byjus,Cloud Engineering Intern,30000,Uttar Pradesh,"MATLAB, SQL, Python","BE, B.Tech",3,2,0,1,0,Very High,Intermediate,30,0,38,0,1,16,2,17,3,2,6,1
Flipkart,Cybersecurity Intern,30000,Andhra Pradesh,"HTML/CSS, SolidWorks, Azure, Java","B.Tech, BSc, MSc",4,3,0,1,0,Very High,Intermediate,37,0,42,0,2,0,5,7,3,2,7,1
Wipro,Cloud Engineering Intern,10000,Andhra Pradesh,"HTML/CSS, Docker, SQL","MBA, BSc",3,2,0,0,0,Low,Intermediate,31,0,38,0,1,0,13,59,1,2,4,0
TCS,Cybersecurity Intern,5000,Chandigarh,"Python, ReactJS, SolidWorks","BE, MBA",3,2,0,0,0,Low,Intermediate,30,0,42,0,2,3,11,25,1,2,3,0
TCS,Business Analyst Intern,20000,Chandigarh,"AWS, MATLAB","MSc, BE",2,2,0,1,0,Medium,Basic,30,0,43,0,0,3,11,71,2,1,4,0
Accenture,Machine Learning Intern,10000,Kerala,"CAD, HTML/CSS, Python, MATLAB, Tableau","BE, MBA",5,2,0,0,0,Low,Advanced,41,1,51,1,6,7,0,25,1,0,5,0
Amazon,Embedded Systems Intern,25000,Karnataka,"Linux, CAD",MBA,2,1,0,1,1,High,Basic,35,0,50,1,5,6,1,50,0,1,7,1
IBM,Cloud Engineering Intern,30000,Chandigarh,"HTML/CSS, MATLAB, SQL, AWS","MSc, BE",4,2,0,1,0,Very High,Intermediate,43,1,38,0,1,3,8,71,3,2,6,1
Cognizant,Cybersecurity Intern,5000,Karnataka,"PyTorch, Power BI, AWS","MBA, BE",3,2,0,0,0,Low,Intermediate,39,0,42,0,2,6,4,55,1,2,3,0
Flipkart,Digital Marketing Intern,10000,Odisha,"Azure, MATLAB, Tableau, HTML/CSS","B.Tech, BSc",4,2,0,0,0,Low,Intermediate,37,0,39,0,4,10,5,4,1,2,4,0
Capgemini,Machine Learning Intern,5000,Telangana,"ReactJS, SolidWorks, Tableau, Docker","BE, BSc",4,2,0,0,0,Low,Intermediate,41,1,51,1,6,15,3,21,1,2,3,0
Byjus,Robotics Intern,10000,Andhra Pradesh,"Tableau, SQL, Docker, HTML/CSS",MSc,4,1,0,0,0,Low,Intermediate,30,0,47,1,8,0,2,67,1,2,4,0
Flipkart,Machine Learning Intern,5000,Remote,"Keras, NodeJS, Linux",BSc,3,1,1,0,0,Low,Intermediate,37,0,51,1,6,13,5,33,1,2,5,0
Tech Mahindra,Digital Marketing Intern,10000,Telangana,"CAD, SQL, HTML/CSS",MSc,3,1,0,0,0,Low,Intermediate,40,0,39,0,4,15,12,67,1,2,4,0
Flipkart,Embedded Systems Intern,30000,Kerala,"ReactJS, Python, TensorFlow, PyTorch, Docker","MBA, BSc",5,2,0,1,0,Very High,Advanced,37,0,50,1,5,7,5,59,3,0,7,1
Amazon,Robotics Intern,30000,Maharashtra,"Java, NodeJS, CAD, SolidWorks",MBA,4,1,0,1,1,Very High,Intermediate,35,0,47,1,8,9,1,50,3,2,8,1
Tech Mahindra,Cybersecurity Intern,10000,Madhya Pradesh,"Keras, SolidWorks, Tableau, Excel, JavaScript","MBA, BE, B.Tech",5,3,0,0,0,Low,Advanced,40,0,42,0,2,8,12,56,1,0,6,1
Capgemini,Cloud Engineering Intern,10000,Rajasthan,"TensorFlow, MATLAB","BSc, B.Tech",2,2,0,0,0,Low,Basic,41,1,38,0,1,12,3,34,1,1,3,0
Tech Mahindra,Data Science Intern,25000,Gujarat,"JavaScript, Excel, C++, Python, SolidWorks","BSc, MSc, B.Tech",5,3,0,1,0,High,Advanced,40,0,46,1,3,5,12,47,0,0,8,1
Accenture,UI/UX Design Intern,5000,Madhya Pradesh,"Docker, MATLAB, Excel, TensorFlow","B.Tech, MSc, BSc",4,3,0,0,0,Low,Intermediate,41,1,61,1,9,8,0,14,1,2,4,0
Infosys,Web Development Intern,30000,Bihar,"Java, Azure, Power BI, Excel","MBA, MSc",4,2,0,1,0,Very High,Intermediate,46,1,47,1,10,2,9,63,3,2,6,1
Infosys,UI/UX Design Intern,5000,Bihar,"NodeJS, Azure, Python","MSc, MBA, BSc",3,3,0,0,0,Low,Intermediate,46,1,61,1,9,2,9,81,1,2,4,0
Cognizant,Web Development Intern,20000,Remote,"Keras, NodeJS, TensorFlow","MBA, B.Tech",3,2,1,1,0,Medium,Intermediate,39,0,47,1,10,13,4,51,2,2,7,1
HCL,Embedded Systems Intern,15000,Karnataka,"Python, AWS, JavaScript","BSc, MBA",3,2,0,0,0,Medium,Intermediate,32,0,50,1,5,6,7,42,2,2,4,0
Infosys,Embedded Systems Intern,10000,Remote,"Power BI, PyTorch, Kubernetes, HTML/CSS, Docker","BE, BSc, MSc",5,3,1,0,0,Low,Advanced,46,1,50,1,5,13,9,24,1,0,8,1
HCL,Machine Learning Intern,25000,Chandigarh,"C++, Linux, SQL","BE, MSc, MBA",3,3,0,1,0,High,Intermediate,32,0,51,1,6,3,7,32,0,2,7,1
Capgemini,UI/UX Design Intern,20000,West Bengal,"MATLAB, Python, Java, AWS",BSc,4,1,0,1,0,Medium,Intermediate,41,1,61,1,9,17,3,33,2,2,5,0
Accenture,Data Science Intern,30000,Chandigarh,"Docker, Tableau, Azure","B.Tech, BSc",3,2,0,1,0,Very High,Intermediate,41,1,46,1,3,3,0,4,3,2,6,1
Accenture,Cybersecurity Intern,25000,Chandigarh,"HTML/CSS, ReactJS, C++, Azure, MATLAB","BE, MBA",5,2,0,1,0,High,Advanced,41,1,42,0,2,3,0,25,0,0,7,1
Capgemini,Robotics Intern,15000,Assam,"MATLAB, Python, Kubernetes, Tableau","BSc, MSc",4,2,0,0,0,Medium,Intermediate,41,1,47,1,8,1,3,46,2,2,4,0
Google,Machine Learning Intern,15000,Remote,"HTML/CSS, Excel",B.Tech,2,1,1,0,1,Medium,Basic,29,0,51,1,6,13,6,0,2,1,7,1
Cognizant,Digital Marketing Intern,15000,Maharashtra,"NodeJS, PyTorch, SQL, Power BI",MBA,4,1,0,0,0,Medium,Intermediate,39,0,39,0,4,9,4,50,2,2,4,0
Infosys,UI/UX Design Intern,25000,Rajasthan,"Excel, Linux, Python, Kubernetes, AWS","MSc, MBA",5,2,0,1,0,High,Advanced,46,1,61,1,9,12,9,78,0,0,7,1
Infosys,Embedded Systems Intern,20000,Odisha,"HTML/CSS, Kubernetes, CAD",MBA,3,1,0,1,0,Medium,Intermediate,46,1,50,1,5,10,9,50,2,2,5,0
TCS,Business Analyst Intern,5000,West Bengal,"TensorFlow, NodeJS, Java, Linux",MSc,4,1,0,0,0,Low,Intermediate,30,0,43,0,0,17,11,67,1,2,3,0
Accenture,Embedded Systems Intern,20000,Maharashtra,"Power BI, Kubernetes, TensorFlow",MSc,3,1,0,1,0,Medium,Intermediate,41,1,50,1,5,9,0,67,2,2,5,0
Microsoft,UI/UX Design Intern,30000,Remote,"Tableau, PyTorch","BE, BSc",2,2,1,1,1,Very High,Basic,26,0,61,1,9,13,10,21,3,1,9,1
Byjus,Business Analyst Intern,10000,Odisha,"ReactJS, Python, SolidWorks, HTML/CSS","MBA, MSc, BSc",4,3,0,0,0,Low,Intermediate,30,0,43,0,0,10,2,66,1,2,5,0
Google,Mobile App Development Intern,25000,Karnataka,"SolidWorks, NodeJS, HTML/CSS, Docker, C++","BSc, MBA",5,2,0,1,1,High,Advanced,29,0,36,0,7,6,6,42,0,0,9,1
Microsoft,Business Analyst Intern,15000,Uttar Pradesh,"C++, Keras","BSc, B.Tech, MBA",2,3,0,0,1,Medium,Basic,26,0,43,0,0,16,10,36,2,1,6,1
Flipkart,Data Science Intern,30000,Uttar Pradesh,"MATLAB, Power BI",MBA,2,1,0,1,0,Very High,Basic,37,0,46,1,3,16,5,50,3,1,5,0
Microsoft,Robotics Intern,30000,Madhya Pradesh,"PyTorch, Azure, AWS",BE,3,1,0,1,1,Very High,Intermediate,26,0,47,1,8,8,10,16,3,2,8,1
Cognizant,Digital Marketing Intern,30000,Remote,"Java, Docker, Linux, PyTorch, Tableau","MSc, MBA",5,2,1,1,0,Very High,Advanced,39,0,39,0,4,13,4,78,3,0,9,1
Infosys,Cloud Engineering Intern,25000,Karnataka,"HTML/CSS, AWS, JavaScript, Python, Keras",MSc,5,1,0,1,0,High,Advanced,46,1,38,0,1,6,9,67,0,0,7,1
Accenture,Cybersecurity Intern,20000,Maharashtra,"Kubernetes, Tableau, Python","B.Tech, BE, MSc",3,3,0,1,0,Medium,Intermediate,41,1,42,0,2,9,0,3,2,2,6,1
Capgemini,Cybersecurity Intern,15000,Odisha,"NodeJS, MATLAB, SQL, Excel, Keras","MBA, B.Tech",5,2,0,0,0,Medium,Advanced,41,1,42,0,2,10,3,51,2,0,5,0
Amazon,Web Development Intern,30000,Tamil Nadu,"HTML/CSS, CAD, SolidWorks, JavaScript","MSc, BSc, MBA",4,3,0,1,1,Very High,Intermediate,35,0,47,1,10,14,1,77,3,2,9,1
Cognizant,Web Development Intern,15000,Chandigarh,"TensorFlow, SQL","MBA, BSc",2,2,0,0,0,Medium,Basic,39,0,47,1,10,3,4,59,2,1,3,0
IBM,Cybersecurity Intern,5000,Maharashtra,"NodeJS, Tableau, Python","MBA, BE",3,2,0,0,0,Low,Intermediate,43,1,42,0,2,9,8,55,1,2,3,0
Wipro,UI/UX Design Intern,5000,Kerala,"Excel, Azure","MBA, MSc",2,2,0,0,0,Low,Basic,31,0,61,1,9,7,13,63,1,1,2,0
Google,Business Analyst Intern,20000,Kerala,"Docker, Azure, PyTorch, C++","BE, B.Tech, MSc",4,3,0,1,1,Medium,Intermediate,29,0,43,0,0,7,6,20,2,2,8,1
Accenture,Business Analyst Intern,20000,Rajasthan,"AWS, NodeJS, Azure","MBA, MSc, BSc",3,3,0,1,0,Medium,Intermediate,41,1,43,0,0,12,0,66,2,2,6,1
Microsoft,Embedded Systems Intern,5000,Andhra Pradesh,"Power BI, PyTorch, ReactJS, JavaScript, Docker","BSc, BE",5,2,0,0,1,Low,Advanced,26,0,50,1,5,0,10,38,1,0,6,1
Amazon,Business Analyst Intern,25000,Uttar Pradesh,"ReactJS, Java, TensorFlow, Azure, Kubernetes","MSc, MBA, BSc",5,3,0,1,1,High,Advanced,35,0,43,0,0,16,1,81,0,0,10,1
Wipro,Cybersecurity Intern,10000,Rajasthan,"PyTorch, Excel, Keras, Tableau",B.Tech,4,1,0,0,0,Low,Intermediate,31,0,42,0,2,12,13,0,1,2,4,0
Google,Web Development Intern,15000,Telangana,"SolidWorks, Excel","MBA, B.Tech",2,2,0,0,1,Medium,Basic,29,0,47,1,10,15,6,51,2,1,5,0
HCL,Machine Learning Intern,25000,Maharashtra,"Java, Kubernetes, Power BI, MATLAB","MSc, MBA",4,2,0,1,0,High,Intermediate,32,0,51,1,6,9,7,78,0,2,6,1
Capgemini,Robotics Intern,15000,Uttar Pradesh,"Keras, JavaScript, Azure","B.Tech, BE, MSc",3,3,0,0,0,Medium,Intermediate,41,1,47,1,8,16,3,3,2,2,5,0
Google,Robotics Intern,30000,Bihar,"MATLAB, NodeJS, Azure, Java, CAD","MSc, B.Tech",5,2,0,1,1,Very High,Advanced,29,0,47,1,8,2,6,68,3,0,9,1
Amazon,Cybersecurity Intern,5000,Remote,"Java, Python, TensorFlow, MATLAB",MBA,4,1,1,0,1,Low,Intermediate,35,0,42,0,2,13,1,50,1,2,7,1
Google,UI/UX Design Intern,25000,West Bengal,"Java, SolidWorks, ReactJS","B.Tech, BE",3,2,0,1,1,High,Intermediate,29,0,61,1,9,17,6,1,0,2,8,1
Amazon,Robotics Intern,10000,Andhra Pradesh,"PyTorch, TensorFlow","BE, BSc, B.Tech",2,3,0,0,1,Low,Basic,35,0,47,1,8,0,1,22,1,1,6,1
Wipro,Robotics Intern,10000,Gujarat,"Kubernetes, Keras, SolidWorks, MATLAB",MSc,4,1,0,0,0,Low,Intermediate,31,0,47,1,8,5,13,67,1,2,4,0
Microsoft,Robotics Intern,20000,Assam,"JavaScript, Java",BSc,2,1,0,1,1,Medium,Basic,26,0,47,1,8,1,10,33,2,1,6,1
Infosys,Mobile App Development Intern,15000,West Bengal,"Azure, Excel, Linux, CAD","MBA, B.Tech",4,2,0,0,0,Medium,Intermediate,46,1,36,0,7,17,9,51,2,2,4,0
HCL,Embedded Systems Intern,10000,Karnataka,"Java, ReactJS","BE, MBA",2,2,0,0,0,Low,Basic,32,0,50,1,5,6,7,25,1,1,3,0
Wipro,Cybersecurity Intern,30000,Delhi,"NodeJS, SolidWorks, JavaScript, SQL",MBA,4,1,0,1,0,Very High,Intermediate,31,0,42,0,2,4,13,50,3,2,6,1
Infosys,Mobile App Development Intern,30000,Maharashtra,"HTML/CSS, Java",BSc,2,1,0,1,0,Very High,Basic,46,1,36,0,7,9,9,33,3,1,5,0
Capgemini,Cloud Engineering Intern,25000,Assam,"Azure, Power BI, Tableau, SolidWorks","MSc, B.Tech",4,2,0,1,0,High,Intermediate,41,1,38,0,1,1,3,68,0,2,6,1
Accenture,Machine Learning Intern,30000,Karnataka,"PyTorch, Keras, SQL","MBA, MSc",3,2,0,1,0,Very High,Intermediate,41,1,51,1,6,6,0,63,3,2,6,1
Wipro,Machine Learning Intern,15000,Odisha,"TensorFlow, Tableau, AWS, CAD","BE, B.Tech",4,2,0,0,0,Medium,Intermediate,31,0,51,1,6,10,13,17,2,2,4,0
Tech Mahindra,Machine Learning Intern,5000,Karnataka,"JavaScript, Docker","B.Tech, BE",2,2,0,0,0,Low,Basic,40,0,51,1,6,6,12,1,1,1,2,0
IBM,Data Science Intern,10000,Gujarat,"Excel, MATLAB, HTML/CSS, ReactJS",MSc,4,1,0,0,0,Low,Intermediate,43,1,46,1,3,5,8,67,1,2,4,0
Capgemini,Digital Marketing Intern,5000,Uttar Pradesh,"Kubernetes, Azure, MATLAB","MSc, MBA",3,2,0,0,0,Low,Intermediate,41,1,39,0,4,16,3,78,1,2,3,0
Capgemini,Embedded Systems Intern,20000,Tamil Nadu,"Azure, PyTorch","BE, BSc",2,2,0,1,0,Medium,Basic,41,1,50,1,5,14,3,21,2,1,4,0
Capgemini,Mobile App Development Intern,20000,Punjab,"Java, Keras, Azure, SQL","BE, BSc, MSc",4,3,0,1,0,Medium,Intermediate,41,1,36,0,7,11,3,24,2,2,6,1
HCL,UI/UX Design Intern,5000,Delhi,"CAD, MATLAB","MSc, BE, B.Tech",2,3,0,0,0,Low,Basic,32,0,61,1,9,4,7,72,1,1,3,0
Tech Mahindra,Mobile App Development Intern,20000,West Bengal,"Excel, Azure, Linux",BSc,3,1,0,1,0,Medium,Intermediate,40,0,36,0,7,17,12,33,2,2,5,0
Cognizant,Web Development Intern,25000,Remote,"SolidWorks, AWS, CAD","MBA, BSc",3,2,1,1,0,High,Intermediate,39,0,47,1,10,13,4,59,0,2,8,1
Infosys,Digital Marketing Intern,20000,Chandigarh,"Java, CAD, SolidWorks","BSc, MSc, B.Tech",3,3,0,1,0,Medium,Intermediate,46,1,39,0,4,3,9,47,2,2,6,1
Amazon,Mobile App Development Intern,25000,Remote,"Azure, MATLAB, TensorFlow, ReactJS, NodeJS","MSc, MBA",5,2,1,1,1,High,Advanced,35,0,36,0,7,13,1,78,0,0,11,1
Flipkart,Business Analyst Intern,20000,Andhra Pradesh,"TensorFlow, PyTorch, Tableau","BE, BSc",3,2,0,1,0,Medium,Intermediate,37,0,43,0,0,0,5,21,2,2,5,0
Microsoft,Mobile App Development Intern,5000,Odisha,"Python, SolidWorks, Docker","B.Tech, MBA",3,2,0,0,1,Low,Intermediate,26,0,36,0,7,10,10,8,1,2,5,0
Microsoft,Web Development Intern,30000,Assam,"JavaScript, CAD, C++, SolidWorks, SQL",BE,5,1,0,1,1,Very High,Advanced,26,0,47,1,10,1,10,16,3,0,9,1
Infosys,Data Science Intern,25000,Kerala,"MATLAB, Java, Kubernetes",BSc,3,1,0,1,0,High,Intermediate,46,1,46,1,3,7,9,33,0,2,6,1
Wipro,Data Science Intern,30000,Maharashtra,"Docker, CAD, Keras, Java","BE, BSc, MSc",4,3,0,1,0,Very High,Intermediate,31,0,46,1,3,9,13,24,3,2,7,1
Wipro,Embedded Systems Intern,10000,Assam,"Tableau, SolidWorks, Java",BE,3,1,0,0,0,Low,Intermediate,31,0,50,1,5,1,13,16,1,2,4,0
Tech Mahindra,Web Development Intern,20000,Karnataka,"MATLAB, TensorFlow, NodeJS, PyTorch, Azure",MSc,5,1,0,1,0,Medium,Advanced,40,0,47,1,10,6,12,67,2,0,6,1
Flipkart,Embedded Systems Intern,5000,Telangana,"C++, Java","B.Tech, MBA",2,2,0,0,0,Low,Basic,37,0,50,1,5,15,5,8,1,1,2,0
Accenture,Data Science Intern,5000,Telangana,"HTML/CSS, Java, Tableau, TensorFlow","B.Tech, BSc",4,2,0,0,0,Low,Intermediate,41,1,46,1,3,15,0,4,1,2,3,0
Flipkart,Data Science Intern,20000,Kerala,"Keras, AWS, JavaScript, C++",BE,4,1,0,1,0,Medium,Intermediate,37,0,46,1,3,7,5,16,2,2,5,0
Microsoft,Data Science Intern,25000,Chandigarh,"Kubernetes, Power BI","BSc, MSc",2,2,0,1,1,High,Basic,26,0,46,1,3,3,10,46,0,1,7,1
IBM,Robotics Intern,20000,Maharashtra,"Tableau, Azure, Power BI","B.Tech, BSc, MSc",3,3,0,1,0,Medium,Intermediate,43,1,47,1,8,9,8,7,2,2,6,1
Cognizant,Mobile App Development Intern,20000,Punjab,"MATLAB, TensorFlow, Linux, Docker, Python","B.Tech, BSc, MSc",5,3,0,1,0,Medium,Advanced,39,0,36,0,7,11,4,7,2,0,7,1
Capgemini,Cybersecurity Intern,30000,Bihar,"Power BI, MATLAB",BE,2,1,0,1,0,Very High,Basic,41,1,42,0,2,2,3,16,3,1,5,0
Cognizant,Data Science Intern,25000,Punjab,"Docker, SolidWorks, AWS",BSc,3,1,0,1,0,High,Intermediate,39,0,46,1,3,11,4,33,0,2,6,1
Google,UI/UX Design Intern,30000,West Bengal,"Excel, HTML/CSS, Tableau, TensorFlow","BSc, B.Tech",4,2,0,1,1,Very High,Intermediate,29,0,61,1,9,17,6,34,3,2,8,1
Flipkart,Machine Learning Intern,5000,Assam,"AWS, Kubernetes, ReactJS",MSc,3,1,0,0,0,Low,Intermediate,37,0,51,1,6,1,5,67,1,2,3,0
Google,Embedded Systems Intern,30000,Chandigarh,"MATLAB, JavaScript","MBA, BSc",2,2,0,1,1,Very High,Basic,29,0,50,1,5,3,6,59,3,1,7,1
Infosys,Embedded Systems Intern,15000,Chandigarh,"Linux, NodeJS, CAD, SQL","B.Tech, MSc",4,2,0,0,0,Medium,Intermediate,46,1,50,1,5,3,9,12,2,2,4,0
TCS,Digital Marketing Intern,20000,Kerala,"SolidWorks, JavaScript, Azure, ReactJS",MSc,4,1,0,1,0,Medium,Intermediate,30,0,39,0,4,7,11,67,2,2,5,0
Capgemini,Embedded Systems Intern,30000,Uttar Pradesh,"JavaScript, CAD, Tableau, C++","BE, MBA",4,2,0,1,0,Very High,Intermediate,41,1,50,1,5,16,3,25,3,2,6,1
IBM,Digital Marketing Intern,20000,Remote,"ReactJS, Docker, NodeJS, C++, CAD","B.Tech, BSc",5,2,1,1,0,Medium,Advanced,43,1,39,0,4,13,8,4,2,0,8,1
Cognizant,Mobile App Development Intern,10000,Tamil Nadu,"SolidWorks, NodeJS","BSc, BE",2,2,0,0,0,Low,Basic,39,0,36,0,7,14,4,38,1,1,3,0
Capgemini,Cloud Engineering Intern,30000,Remote,"TensorFlow, Docker, Power BI, NodeJS","BE, BSc",4,2,1,1,0,Very High,Intermediate,41,1,38,0,1,13,3,21,3,2,8,1
Infosys,Embedded Systems Intern,20000,Bihar,"CAD, JavaScript, Tableau",B.Tech,3,1,0,1,0,Medium,Intermediate,46,1,50,1,5,2,9,0,2,2,5,0
IBM,Data Science Intern,25000,Punjab,"Docker, TensorFlow, Azure, JavaScript",BE,4,1,0,1,0,High,Intermediate,43,1,46,1,3,11,8,16,0,2,6,1
Tech Mahindra,Robotics Intern,15000,Maharashtra,"JavaScript, PyTorch, CAD",MSc,3,1,0,0,0,Medium,Intermediate,40,0,47,1,8,9,12,67,2,2,4,0
Infosys,Digital Marketing Intern,5000,Gujarat,"Python, AWS, Linux","B.Tech, BSc, BE",3,3,0,0,0,Low,Intermediate,46,1,39,0,4,5,9,5,1,2,4,0
Amazon,Cybersecurity Intern,30000,Kerala,"Power BI, ReactJS, Azure, C++","BSc, MBA",4,2,0,1,1,Very High,Intermediate,35,0,42,0,2,7,1,42,3,2,8,1
Google,Cybersecurity Intern,25000,Bihar,"Python, SolidWorks, SQL, PyTorch, MATLAB","BSc, BE",5,2,0,1,1,High,Advanced,29,0,42,0,2,2,6,38,0,0,9,1
Capgemini,Cloud Engineering Intern,25000,Andhra Pradesh,"Azure, HTML/CSS, Docker","MSc, MBA, BE",3,3,0,1,0,High,Intermediate,41,1,38,0,1,0,3,80,0,2,7,1
HCL,Digital Marketing Intern,30000,Karnataka,"AWS, Azure, Python, CAD, PyTorch","BE, BSc",5,2,0,1,0,Very High,Advanced,32,0,39,0,4,6,7,21,3,0,7,1
Infosys,Digital Marketing Intern,10000,Bihar,"Docker, TensorFlow, JavaScript, C++",BE,4,1,0,0,0,Low,Intermediate,46,1,39,0,4,2,9,16,1,2,4,0
Microsoft,Web Development Intern,10000,Odisha,"NodeJS, Keras, Excel",BSc,3,1,0,0,1,Low,Intermediate,26,0,47,1,10,10,10,33,1,2,6,1
Infosys,Machine Learning Intern,5000,West Bengal,"Docker, Azure, HTML/CSS","B.Tech, BSc, MBA",3,3,0,0,0,Low,Intermediate,46,1,51,1,6,17,9,6,1,2,4,0
Byjus,Machine Learning Intern,30000,Assam,"AWS, Java, Python, JavaScript","BSc, MBA",4,2,0,1,0,Very High,Intermediate,30,0,51,1,6,1,2,42,3,2,6,1
Byjus,Embedded Systems Intern,10000,Andhra Pradesh,"Tableau, Power BI, CAD, Kubernetes, Keras",BE,5,1,0,0,0,Low,Advanced,30,0,50,1,5,0,2,16,1,0,5,0
Capgemini,Digital Marketing Intern,30000,Assam,"HTML/CSS, AWS, Excel, Keras",B.Tech,4,1,0,1,0,Very High,Intermediate,41,1,39,0,4,1,3,0,3,2,6,1
Capgemini,Digital Marketing Intern,30000,Chandigarh,"PyTorch, HTML/CSS, Docker, Tableau, Python","MBA, B.Tech, BSc",5,3,0,1,0,Very High,Advanced,41,1,39,0,4,3,3,53,3,0,8,1
Tech Mahindra,Cybersecurity Intern,30000,Punjab,"TensorFlow, Python, Power BI, Azure, Docker","MBA, BSc, BE",5,3,0,1,0,Very High,Advanced,40,0,42,0,2,11,12,61,3,0,8,1
Byjus,Business Analyst Intern,15000,Assam,"Azure, CAD","MSc, B.Tech, BE",2,3,0,0,0,Medium,Basic,30,0,43,0,0,1,2,69,2,1,4,0
Accenture,Cybersecurity Intern,15000,Gujarat,"ReactJS, TensorFlow, HTML/CSS, Keras",MSc,4,1,0,0,0,Medium,Intermediate,41,1,42,0,2,5,0,67,2,2,4,0
Byjus,Machine Learning Intern,15000,Rajasthan,"Azure, NodeJS, Docker, SQL, PyTorch",BE,5,1,0,0,0,Medium,Advanced,30,0,51,1,6,12,2,16,2,0,5,0
Tech Mahindra,Data Science Intern,30000,West Bengal,"Tableau, Docker, Keras","BSc, BE, B.Tech",3,3,0,1,0,Very High,Intermediate,40,0,46,1,3,17,12,39,3,2,7,1
Google,Web Development Intern,5000,Kerala,"Excel, Kubernetes, NodeJS, Power BI, JavaScript",BE,5,1,0,0,1,Low,Advanced,29,0,47,1,10,7,6,16,1,0,6,1
Accenture,UI/UX Design Intern,30000,Assam,"NodeJS, Kubernetes, MATLAB, HTML/CSS, Azure","BE, MSc, MBA",5,3,0,1,0,Very High,Advanced,41,1,61,1,9,1,0,32,3,0,8,1
TCS,Machine Learning Intern,30000,Rajasthan,"ReactJS, C++","BE, B.Tech, MBA",2,3,0,1,0,Very High,Basic,30,0,51,1,6,12,11,19,3,1,6,1
IBM,Cloud Engineering Intern,25000,Madhya Pradesh,"TensorFlow, SolidWorks, Keras, Kubernetes, SQL","MSc, B.Tech, BSc",5,3,0,1,0,High,Advanced,43,1,38,0,1,8,8,70,0,0,8,1
Amazon,Web Development Intern,20000,Odisha,"Power BI, TensorFlow, Kubernetes, Docker, CAD","MBA, BSc, MSc",5,3,0,1,1,Medium,Advanced,35,0,47,1,10,10,1,62,2,0,9,1
Amazon,Machine Learning Intern,10000,Bihar,"Tableau, JavaScript","MBA, BE",2,2,0,0,1,Low,Basic,35,0,51,1,6,2,1,55,1,1,5,0
Infosys,Robotics Intern,15000,Punjab,"HTML/CSS, TensorFlow, Tableau, Python, Excel","BSc, B.Tech",5,2,0,0,0,Medium,Advanced,46,1,47,1,8,11,9,34,2,0,5,0
Capgemini,Cybersecurity Intern,15000,Gujarat,"Kubernetes, Keras, Power BI, Python","BSc, MSc",4,2,0,0,0,Medium,Intermediate,41,1,42,0,2,5,3,46,2,2,4,0
Amazon,UI/UX Design Intern,20000,Uttar Pradesh,"HTML/CSS, Linux, TensorFlow, ReactJS, PyTorch","B.Tech, MSc, MBA",5,3,0,1,1,Medium,Advanced,35,0,61,1,9,16,1,15,2,0,9,1
Amazon,UI/UX Design Intern,30000,Gujarat,"Kubernetes, Docker, Tableau, C++","BE, MSc",4,2,0,1,1,Very High,Intermediate,35,0,61,1,9,5,1,29,3,2,8,1
Infosys,Business Analyst Intern,30000,Punjab,"ReactJS, Excel, NodeJS, AWS, HTML/CSS","BE, BSc, MBA",5,3,0,1,0,Very High,Advanced,46,1,43,0,0,11,9,23,3,0,8,1
Microsoft,Mobile App Development Intern,20000,Kerala,"AWS, Tableau",BSc,2,1,0,1,1,Medium,Basic,26,0,36,0,7,7,10,33,2,1,6,1
Byjus,Robotics Intern,20000,Delhi,"ReactJS, Azure, SolidWorks",MBA,3,1,0,1,0,Medium,Intermediate,30,0,47,1,8,4,2,50,2,2,5,0
Microsoft,Data Science Intern,5000,Telangana,"JavaScript, Keras, Python","MBA, BE",3,2,0,0,1,Low,Intermediate,26,0,46,1,3,15,10,55,1,2,5,0
TCS,Mobile App Development Intern,20000,West Bengal,"JavaScript, Azure","BSc, MBA, B.Tech",2,3,0,1,0,Medium,Basic,30,0,36,0,7,17,11,43,2,1,5,0
Microsoft,Embedded Systems Intern,30000,Gujarat,"NodeJS, SolidWorks, Kubernetes, ReactJS, Keras","BE, BSc, MBA",5,3,0,1,1,Very High,Advanced,26,0,50,1,5,5,10,23,3,0,10,1
HCL,Digital Marketing Intern,15000,Telangana,"C++, NodeJS, Excel, MATLAB, JavaScript","BE, BSc",5,2,0,0,0,Medium,Advanced,32,0,39,0,4,15,7,21,2,0,5,0
HCL,Cloud Engineering Intern,10000,Rajasthan,"Azure, Python, HTML/CSS, Tableau, TensorFlow",MSc,5,1,0,0,0,Low,Advanced,32,0,38,0,1,12,7,67,1,0,5,0
Byjus,Robotics Intern,25000,Karnataka,"Python, PyTorch",B.Tech,2,1,0,1,0,High,Basic,30,0,47,1,8,6,2,0,0,1,5,0
Flipkart,Cloud Engineering Intern,15000,Karnataka,"Docker, Excel, Keras, Power BI, Kubernetes","MSc, BSc",5,2,0,0,0,Medium,Advanced,37,0,38,0,1,6,5,75,2,0,5,0
Cognizant,Cloud Engineering Intern,20000,Karnataka,"NodeJS, CAD, PyTorch, Excel",BE,4,1,0,1,0,Medium,Intermediate,39,0,38,0,1,6,4,16,2,2,5,0
Accenture,UI/UX Design Intern,20000,Uttar Pradesh,"Java, MATLAB, JavaScript, Tableau, PyTorch","BSc, MSc, B.Tech",5,3,0,1,0,Medium,Advanced,41,1,61,1,9,16,0,47,2,0,7,1
Flipkart,Mobile App Development Intern,15000,Uttar Pradesh,"NodeJS, Java, SQL, ReactJS",MBA,4,1,0,0,0,Medium,Intermediate,37,0,36,0,7,16,5,50,2,2,4,0
IBM,Mobile App Development Intern,30000,West Bengal,"Docker, Keras",MSc,2,1,0,1,0,Very High,Basic,43,1,36,0,7,17,8,67,3,1,5,0
Accenture,Data Science Intern,25000,Uttar Pradesh,"C++, Python",BE,2,1,0,1,0,High,Basic,41,1,46,1,3,16,0,16,0,1,5,0
IBM,Robotics Intern,25000,Andhra Pradesh,"Power BI, JavaScript, HTML/CSS","BE, MBA, BSc",3,3,0,1,0,High,Intermediate,43,1,47,1,8,0,8,27,0,2,7,1
Infosys,Embedded Systems Intern,30000,Tamil Nadu,"PyTorch, MATLAB, Tableau","BSc, BE",3,2,0,1,0,Very High,Intermediate,46,1,50,1,5,14,9,38,3,2,6,1
Google,Embedded Systems Intern,10000,Andhra Pradesh,"NodeJS, CAD, Tableau, Linux, Azure","BE, MSc, BSc",5,3,0,0,1,Low,Advanced,29,0,50,1,5,0,6,31,1,0,8,1
Flipkart,Cybersecurity Intern,25000,Rajasthan,"Excel, ReactJS","BSc, MSc",2,2,0,1,0,High,Basic,37,0,42,0,2,12,5,46,0,1,5,0
Google,Robotics Intern,15000,Bihar,"Java, HTML/CSS, Linux","MBA, B.Tech, BSc",3,3,0,0,1,Medium,Intermediate,29,0,47,1,8,2,6,53,2,2,7,1
Google,Mobile App Development Intern,20000,Karnataka,"SQL, CAD, ReactJS",MBA,3,1,0,1,1,Medium,Intermediate,29,0,36,0,7,6,6,50,2,2,7,1
Microsoft,Robotics Intern,20000,Tamil Nadu,"TensorFlow, C++, Linux","B.Tech, BE",3,2,0,1,1,Medium,Intermediate,26,0,47,1,8,14,10,1,2,2,7,1
Byjus,Embedded Systems Intern,10000,Bihar,"TensorFlow, NodeJS, Keras, Python","MSc, BE, B.Tech",4,3,0,0,0,Low,Intermediate,30,0,50,1,5,2,2,72,1,2,5,0
TCS,Robotics Intern,25000,Bihar,"NodeJS, JavaScript, Linux, MATLAB",MSc,4,1,0,1,0,High,Intermediate,30,0,47,1,8,2,11,67,0,2,6,1
Tech Mahindra,Web Development Intern,15000,Chandigarh,"Python, Azure",BSc,2,1,0,0,0,Medium,Basic,40,0,47,1,10,3,12,33,2,1,3,0
Tech Mahindra,Web Development Intern,15000,Punjab,"Docker, JavaScript","BE, BSc",2,2,0,0,0,Medium,Basic,40,0,47,1,10,11,12,21,2,1,3,0
Accenture,Machine Learning Intern,25000,Maharashtra,"Azure, C++, Python, CAD","BE, MSc",4,2,0,1,0,High,Intermediate,41,1,51,1,6,9,0,29,0,2,6,1
IBM,Robotics Intern,15000,West Bengal,"C++, Excel","MBA, MSc",2,2,0,0,0,Medium,Basic,43,1,47,1,8,17,8,63,2,1,3,0
Tech Mahindra,UI/UX Design Intern,5000,West Bengal,"TensorFlow, NodeJS","B.Tech, MBA",2,2,0,0,0,Low,Basic,40,0,61,1,9,17,12,8,1,1,2,0
Infosys,Machine Learning Intern,20000,Kerala,"Tableau, CAD, ReactJS, Java","BE, BSc, B.Tech",4,3,0,1,0,Medium,Intermediate,46,1,51,1,6,7,9,22,2,2,6,1
IBM,Cybersecurity Intern,20000,Tamil Nadu,"C++, MATLAB, SQL, AWS",MSc,4,1,0,1,0,Medium,Intermediate,43,1,42,0,2,14,8,67,2,2,5,0
Accenture,Web Development Intern,15000,Madhya Pradesh,"TensorFlow, PyTorch, Java, Python, Keras","MBA, BSc, BE",5,3,0,0,0,Medium,Advanced,41,1,47,1,10,8,0,61,2,0,6,1
HCL,Digital Marketing Intern,5000,Madhya Pradesh,"Tableau, Keras, Excel","BSc, BE, B.Tech",3,3,0,0,0,Low,Intermediate,32,0,39,0,4,8,7,39,1,2,4,0
Wipro,Data Science Intern,15000,Andhra Pradesh,"HTML/CSS, NodeJS","MBA, MSc, BSc",2,3,0,0,0,Medium,Basic,31,0,46,1,3,0,13,66,2,1,4,0
TCS,UI/UX Design Intern,25000,Uttar Pradesh,"C++, Excel, Tableau, TensorFlow, PyTorch","MSc, MBA, BE",5,3,0,1,0,High,Advanced,30,0,61,1,9,16,11,80,0,0,8,1
Infosys,Cybersecurity Intern,10000,Karnataka,"Python, Excel, Keras, Kubernetes","MBA, B.Tech",4,2,0,0,0,Low,Intermediate,46,1,42,0,2,6,9,51,1,2,4,0
IBM,UI/UX Design Intern,25000,Madhya Pradesh,"MATLAB, Azure","MSc, MBA",2,2,0,1,0,High,Basic,43,1,61,1,9,8,8,78,0,1,5,0
Amazon,Digital Marketing Intern,5000,Andhra Pradesh,"AWS, Linux, Docker","MSc, B.Tech, BE",3,3,0,0,1,Low,Intermediate,35,0,39,0,4,0,1,69,1,2,6,1
IBM,Digital Marketing Intern,25000,Uttar Pradesh,"PyTorch, Kubernetes","B.Tech, BSc",2,2,0,1,0,High,Basic,43,1,39,0,4,16,8,4,0,1,5,0
Cognizant,Business Analyst Intern,10000,Gujarat,"HTML/CSS, Keras, NodeJS, C++","MBA, MSc",4,2,0,0,0,Low,Intermediate,39,0,43,0,0,5,4,63,1,2,4,0
Tech Mahindra,Embedded Systems Intern,15000,Telangana,"NodeJS, SQL, Keras, Excel, Python","BSc, BE",5,2,0,0,0,Medium,Advanced,40,0,50,1,5,15,12,38,2,0,5,0
HCL,UI/UX Design Intern,10000,Karnataka,"Python, TensorFlow, SQL, HTML/CSS","B.Tech, BE",4,2,0,0,0,Low,Intermediate,32,0,61,1,9,6,7,1,1,2,4,0
Tech Mahindra,Cloud Engineering Intern,25000,Tamil Nadu,"Tableau, Kubernetes, CAD","MBA, BE, B.Tech",3,3,0,1,0,High,Intermediate,40,0,38,0,1,14,12,56,0,2,7,1
Flipkart,Machine Learning Intern,20000,Tamil Nadu,"NodeJS, CAD, Python, MATLAB, PyTorch","BSc, B.Tech",5,2,0,1,0,Medium,Advanced,37,0,51,1,6,14,5,34,2,0,6,1
Google,Robotics Intern,25000,Maharashtra,"NodeJS, SolidWorks, SQL, JavaScript",BSc,4,1,0,1,1,High,Intermediate,29,0,47,1,8,9,6,33,0,2,8,1
Google,Web Development Intern,25000,Madhya Pradesh,"AWS, Azure, SQL, PyTorch","MSc, B.Tech, BSc",4,3,0,1,1,High,Intermediate,29,0,47,1,10,8,6,70,0,2,9,1
Cognizant,Data Science Intern,10000,Delhi,"Kubernetes, Tableau, JavaScript, ReactJS, Excel","BSc, BE, MSc",5,3,0,0,0,Low,Advanced,39,0,46,1,3,4,4,41,1,0,6,1
Flipkart,Cloud Engineering Intern,25000,Telangana,"Kubernetes, Power BI, ReactJS",MBA,3,1,0,1,0,High,Intermediate,37,0,38,0,1,15,5,50,0,2,6,1
Byjus,UI/UX Design Intern,5000,Odisha,"C++, SQL, Docker, Power BI","BE, MBA, B.Tech",4,3,0,0,0,Low,Intermediate,30,0,61,1,9,10,2,26,1,2,4,0
Cognizant,Embedded Systems Intern,25000,Telangana,"ReactJS, Kubernetes, SQL, TensorFlow",MBA,4,1,0,1,0,High,Intermediate,39,0,50,1,5,15,4,50,0,2,6,1
Capgemini,Data Science Intern,25000,Rajasthan,"CAD, HTML/CSS, ReactJS, TensorFlow, MATLAB","MSc, MBA",5,2,0,1,0,High,Advanced,41,1,46,1,3,12,3,78,0,0,7,1
Cognizant,Web Development Intern,10000,West Bengal,"NodeJS, SQL","BSc, BE",2,2,0,0,0,Low,Basic,39,0,47,1,10,17,4,38,1,1,3,0
Infosys,Embedded Systems Intern,10000,Tamil Nadu,"Java, AWS","BE, MSc",2,2,0,0,0,Low,Basic,46,1,50,1,5,14,9,29,1,1,3,0
Infosys,Digital Marketing Intern,15000,Uttar Pradesh,"Keras, TensorFlow, SQL, C++, PyTorch","BE, B.Tech",5,2,0,0,0,Medium,Advanced,46,1,39,0,4,16,9,17,2,0,5,0
Capgemini,Digital Marketing Intern,5000,Madhya Pradesh,"Excel, C++, HTML/CSS",B.Tech,3,1,0,0,0,Low,Intermediate,41,1,39,0,4,8,3,0,1,2,3,0
Wipro,Digital Marketing Intern,15000,Assam,"HTML/CSS, CAD, JavaScript, Keras, C++","MBA, B.Tech",5,2,0,0,0,Medium,Advanced,31,0,39,0,4,1,13,51,2,0,5,0
Tech Mahindra,UI/UX Design Intern,30000,Maharashtra,"Java, TensorFlow, Keras, Docker",BSc,4,1,0,1,0,Very High,Intermediate,40,0,61,1,9,9,12,33,3,2,6,1
Google,Cloud Engineering Intern,5000,Uttar Pradesh,"C++, CAD, Keras, Java",BE,4,1,0,0,1,Low,Intermediate,29,0,38,0,1,16,6,16,1,2,5,0
IBM,Business Analyst Intern,25000,Delhi,"Python, ReactJS, NodeJS, Java","MBA, B.Tech, MSc",4,3,0,1,0,High,Intermediate,43,1,43,0,0,4,8,54,0,2,7,1
Flipkart,Data Science Intern,5000,Uttar Pradesh,"Tableau, Azure","B.Tech, MSc, BSc",2,3,0,0,0,Low,Basic,37,0,46,1,3,16,5,14,1,1,3,0
Flipkart,Robotics Intern,5000,Gujarat,"ReactJS, C++, SolidWorks","B.Tech, MBA, BE",3,3,0,0,0,Low,Intermediate,37,0,47,1,8,5,5,9,1,2,4,0
Infosys,Machine Learning Intern,10000,Tamil Nadu,"Keras, Java, TensorFlow, SQL, Power BI","BE, MBA",5,2,0,0,0,Low,Advanced,46,1,51,1,6,14,9,25,1,0,5,0
Capgemini,Cybersecurity Intern,10000,Maharashtra,"Power BI, SQL, Kubernetes, AWS, Excel","MBA, BE",5,2,0,0,0,Low,Advanced,41,1,42,0,2,9,3,55,1,0,5,0
Accenture,Business Analyst Intern,15000,Maharashtra,"TensorFlow, Linux, CAD",MBA,3,1,0,0,0,Medium,Intermediate,41,1,43,0,0,9,0,50,2,2,4,0
HCL,UI/UX Design Intern,5000,Punjab,"Docker, Power BI",BSc,2,1,0,0,0,Low,Basic,32,0,61,1,9,11,7,33,1,1,2,0
Wipro,Machine Learning Intern,10000,Assam,"AWS, Excel",MSc,2,1,0,0,0,Low,Basic,31,0,51,1,6,1,13,67,1,1,3,0
Tech Mahindra,Cloud Engineering Intern,30000,Assam,"NodeJS, Power BI, Java, Excel, Keras",MSc,5,1,0,1,0,Very High,Advanced,40,0,38,0,1,1,12,67,3,0,7,1
Infosys,Embedded Systems Intern,5000,Odisha,"Kubernetes, Java, CAD, Azure, PyTorch",MSc,5,1,0,0,0,Low,Advanced,46,1,50,1,5,10,9,67,1,0,4,0
Cognizant,Business Analyst Intern,15000,Chandigarh,"Power BI, MATLAB, AWS, NodeJS","BSc, MSc, B.Tech",4,3,0,0,0,Medium,Intermediate,39,0,43,0,0,3,4,47,2,2,5,0
Infosys,Embedded Systems Intern,30000,Assam,"JavaScript, Python, Linux",BSc,3,1,0,1,0,Very High,Intermediate,46,1,50,1,5,1,9,33,3,2,6,1
Infosys,UI/UX Design Intern,30000,Remote,"Java, NodeJS, PyTorch, JavaScript","MBA, MSc, BE",4,3,1,1,0,Very High,Intermediate,46,1,61,1,9,13,9,65,3,2,9,1
Cognizant,Cloud Engineering Intern,15000,Andhra Pradesh,"Keras, CAD","B.Tech, BSc",2,2,0,0,0,Medium,Basic,39,0,38,0,1,0,4,4,2,1,3,0
Google,Web Development Intern,5000,Odisha,"Power BI, CAD, TensorFlow, Python, Excel","MSc, BSc",5,2,0,0,1,Low,Advanced,29,0,47,1,10,10,6,75,1,0,6,1
Byjus,UI/UX Design Intern,15000,Kerala,"SolidWorks, HTML/CSS, C++",MSc,3,1,0,0,0,Medium,Intermediate,30,0,61,1,9,7,2,67,2,2,4,0
Accenture,Web Development Intern,5000,Telangana,"PyTorch, NodeJS, ReactJS, SolidWorks, C++","MBA, B.Tech, BSc",5,3,0,0,0,Low,Advanced,41,1,47,1,10,15,0,53,1,0,5,0
IBM,Machine Learning Intern,25000,Delhi,"MATLAB, Docker, SolidWorks",BE,3,1,0,1,0,High,Intermediate,43,1,51,1,6,4,8,16,0,2,6,1
Cognizant,Business Analyst Intern,30000,Madhya Pradesh,"SolidWorks, TensorFlow, Python","MSc, BSc",3,2,0,1,0,Very High,Intermediate,39,0,43,0,0,8,4,75,3,2,6,1
IBM,Mobile App Development Intern,10000,Punjab,"PyTorch, CAD, Excel","B.Tech, BE",3,2,0,0,0,Low,Intermediate,43,1,36,0,7,11,8,1,1,2,4,0
IBM,UI/UX Design Intern,25000,Chandigarh,"HTML/CSS, C++, Power BI, Python, Keras",BSc,5,1,0,1,0,High,Advanced,43,1,61,1,9,3,8,33,0,0,7,1
Flipkart,UI/UX Design Intern,5000,Delhi,"ReactJS, SolidWorks","MBA, MSc",2,2,0,0,0,Low,Basic,37,0,61,1,9,4,5,63,1,1,2,0
Wipro,Machine Learning Intern,25000,Telangana,"Tableau, PyTorch, SolidWorks, C++, AWS","MBA, MSc, BE",5,3,0,1,0,High,Advanced,31,0,51,1,6,15,13,65,0,0,8,1
Infosys,Cloud Engineering Intern,10000,Andhra Pradesh,"Excel, Tableau, Power BI","BSc, MBA, MSc",3,3,0,0,0,Low,Intermediate,46,1,38,0,1,0,9,45,1,2,5,0
Amazon,Data Science Intern,25000,Madhya Pradesh,"Kubernetes, JavaScript, Excel","MSc, MBA, B.Tech",3,3,0,1,1,High,Intermediate,35,0,46,1,3,8,1,79,0,2,9,1
Amazon,Robotics Intern,15000,Andhra Pradesh,"Tableau, ReactJS, Power BI, TensorFlow",BE,4,1,0,0,1,Medium,Intermediate,35,0,47,1,8,0,1,16,2,2,6,1
Wipro,Digital Marketing Intern,30000,Tamil Nadu,"Tableau, Python, Linux, Azure, NodeJS","BSc, MBA, MSc",5,3,0,1,0,Very High,Advanced,31,0,39,0,4,14,13,45,3,0,8,1
Wipro,Robotics Intern,10000,Punjab,"SQL, Keras","BSc, BE",2,2,0,0,0,Low,Basic,31,0,47,1,8,11,13,38,1,1,3,0
TCS,Web Development Intern,30000,Assam,"Kubernetes, ReactJS, TensorFlow",BSc,3,1,0,1,0,Very High,Intermediate,30,0,47,1,10,1,11,33,3,2,6,1
Microsoft,Robotics Intern,25000,Punjab,"SolidWorks, HTML/CSS, ReactJS","MSc, BE",3,2,0,1,1,High,Intermediate,26,0,47,1,8,11,10,71,0,2,8,1
Infosys,Business Analyst Intern,30000,Gujarat,"Power BI, Docker, AWS, Kubernetes",MBA,4,1,0,1,0,Very High,Intermediate,46,1,43,0,0,5,9,50,3,2,6,1
Amazon,UI/UX Design Intern,25000,Assam,"Azure, Java, TensorFlow, Excel, Docker",BE,5,1,0,1,1,High,Advanced,35,0,61,1,9,1,1,16,0,0,9,1
HCL,Machine Learning Intern,30000,Kerala,"Tableau, Python",MBA,2,1,0,1,0,Very High,Basic,32,0,51,1,6,7,7,50,3,1,5,0
Capgemini,Business Analyst Intern,20000,Tamil Nadu,"C++, Kubernetes, Tableau, Keras","BSc, B.Tech",4,2,0,1,0,Medium,Intermediate,41,1,43,0,0,14,3,34,2,2,5,0
Wipro,Mobile App Development Intern,20000,Telangana,"Java, Keras, NodeJS",MSc,3,1,0,1,0,Medium,Intermediate,31,0,36,0,7,15,13,67,2,2,5,0
Accenture,UI/UX Design Intern,10000,Kerala,"Power BI, JavaScript, PyTorch","MSc, B.Tech, BE",3,3,0,0,0,Low,Intermediate,41,1,61,1,9,7,0,69,1,2,5,0
Infosys,Machine Learning Intern,30000,Tamil Nadu,"SQL, CAD, MATLAB, Power BI, HTML/CSS","B.Tech, MSc",5,2,0,1,0,Very High,Advanced,46,1,51,1,6,14,9,12,3,0,7,1
Tech Mahindra,Cloud Engineering Intern,20000,Chandigarh,"MATLAB, ReactJS, JavaScript, SolidWorks, AWS","MBA, BE",5,2,0,1,0,Medium,Advanced,40,0,38,0,1,3,12,55,2,0,6,1
Flipkart,Business Analyst Intern,10000,Tamil Nadu,"ReactJS, Java, Azure, Tableau","MSc, B.Tech, BSc",4,3,0,0,0,Low,Intermediate,37,0,43,0,0,14,5,70,1,2,5,0
Accenture,Machine Learning Intern,20000,Punjab,"ReactJS, Linux, SolidWorks","MSc, B.Tech, BE",3,3,0,1,0,Medium,Intermediate,41,1,51,1,6,11,0,69,2,2,6,1
Cognizant,Digital Marketing Intern,5000,Bihar,"Kubernetes, MATLAB, Java","MSc, MBA",3,2,0,0,0,Low,Intermediate,39,0,39,0,4,2,4,78,1,2,3,0
HCL,Machine Learning Intern,10000,Kerala,"Kubernetes, Azure, CAD, SolidWorks",MSc,4,1,0,0,0,Low,Intermediate,32,0,51,1,6,7,7,67,1,2,4,0
Accenture,Embedded Systems Intern,10000,Telangana,"NodeJS, Azure, TensorFlow","BSc, B.Tech",3,2,0,0,0,Low,Intermediate,41,1,50,1,5,15,0,34,1,2,4,0
Flipkart,Machine Learning Intern,30000,Assam,"ReactJS, Docker","B.Tech, BSc",2,2,0,1,0,Very High,Basic,37,0,51,1,6,1,5,4,3,1,5,0
HCL,Cybersecurity Intern,30000,Uttar Pradesh,"Azure, TensorFlow","BSc, MBA, BE",2,3,0,1,0,Very High,Basic,32,0,42,0,2,16,7,44,3,1,6,1
IBM,Data Science Intern,20000,Kerala,"Linux, JavaScript, CAD, HTML/CSS, MATLAB","BE, MBA, BSc",5,3,0,1,0,Medium,Advanced,43,1,46,1,3,7,8,27,2,0,7,1
Capgemini,Robotics Intern,30000,Tamil Nadu,"Docker, CAD, MATLAB","BE, MSc, B.Tech",3,3,0,1,0,Very High,Intermediate,41,1,47,1,8,14,3,30,3,2,7,1
Accenture,Embedded Systems Intern,20000,Gujarat,"Java, Tableau, Kubernetes","BSc, B.Tech, MSc",3,3,0,1,0,Medium,Intermediate,41,1,50,1,5,5,0,37,2,2,6,1
Flipkart,Business Analyst Intern,25000,Remote,"C++, PyTorch",MBA,2,1,1,1,0,High,Basic,37,0,43,0,0,13,5,50,0,1,7,1
Flipkart,Data Science Intern,25000,Assam,"SolidWorks, Linux","BE, B.Tech, MSc",2,3,0,1,0,High,Basic,37,0,46,1,3,1,5,20,0,1,6,1
Flipkart,Robotics Intern,15000,Karnataka,"PyTorch, Linux, Azure, Java",BE,4,1,0,0,0,Medium,Intermediate,37,0,47,1,8,6,5,16,2,2,4,0
Infosys,Data Science Intern,25000,Punjab,"HTML/CSS, Kubernetes, ReactJS, Linux, MATLAB","B.Tech, MBA, BE",5,3,0,1,0,High,Advanced,46,1,46,1,3,11,9,9,0,0,8,1
HCL,Mobile App Development Intern,5000,Maharashtra,"Excel, Kubernetes, Docker, Linux, MATLAB",BE,5,1,0,0,0,Low,Advanced,32,0,36,0,7,9,7,16,1,0,4,0
Tech Mahindra,Data Science Intern,15000,Punjab,"Docker, C++, Linux, CAD, TensorFlow","BSc, B.Tech, BE",5,3,0,0,0,Medium,Advanced,40,0,46,1,3,11,12,35,2,0,6,1
TCS,UI/UX Design Intern,15000,Rajasthan,"CAD, TensorFlow, Excel, Linux, NodeJS","MSc, BE",5,2,0,0,0,Medium,Advanced,30,0,61,1,9,12,11,71,2,0,5,0
Accenture,Machine Learning Intern,15000,Odisha,"Azure, CAD, Linux, ReactJS",MBA,4,1,0,0,0,Medium,Intermediate,41,1,51,1,6,10,0,50,2,2,4,0
Accenture,Business Analyst Intern,10000,West Bengal,"AWS, MATLAB, Python","BSc, B.Tech, BE",3,3,0,0,0,Low,Intermediate,41,1,43,0,0,17,0,35,1,2,5,0
Infosys,Data Science Intern,30000,Telangana,"Docker, SolidWorks, C++, MATLAB","BE, MBA, B.Tech",4,3,0,1,0,Very High,Intermediate,46,1,46,1,3,15,9,26,3,2,7,1
Amazon,Embedded Systems Intern,15000,Rajasthan,"NodeJS, Python","MBA, MSc, B.Tech",2,3,0,0,1,Medium,Basic,35,0,50,1,5,12,1,64,2,1,6,1
Amazon,Mobile App Development Intern,25000,Tamil Nadu,"CAD, Keras, NodeJS","MBA, MSc",3,2,0,1,1,High,Intermediate,35,0,36,0,7,14,1,63,0,2,8,1
Wipro,UI/UX Design Intern,25000,Telangana,"AWS, Azure, PyTorch","BE, MSc",3,2,0,1,0,High,Intermediate,31,0,61,1,9,15,13,29,0,2,6,1
Byjus,Data Science Intern,15000,Odisha,"SolidWorks, Python, JavaScript","MSc, BSc, BE",3,3,0,0,0,Medium,Intermediate,30,0,46,1,3,10,2,76,2,2,5,0
Amazon,Business Analyst Intern,5000,Madhya Pradesh,"CAD, Keras","MBA, BE",2,2,0,0,1,Low,Basic,35,0,43,0,0,8,1,55,1,1,4,0
HCL,Digital Marketing Intern,15000,Delhi,"SolidWorks, Tableau, TensorFlow, Kubernetes","MBA, B.Tech",4,2,0,0,0,Medium,Intermediate,32,0,39,0,4,4,7,51,2,2,4,0
Accenture,Data Science Intern,25000,Andhra Pradesh,"MATLAB, Keras","MSc, BE, BSc",2,3,0,1,0,High,Basic,41,1,46,1,3,0,0,73,0,1,6,1
Cognizant,Web Development Intern,20000,Bihar,"SolidWorks, Excel, Power BI","B.Tech, BE, MSc",3,3,0,1,0,Medium,Intermediate,39,0,47,1,10,2,4,3,2,2,6,1
Capgemini,Machine Learning Intern,30000,Chandigarh,"MATLAB, SQL",BSc,2,1,0,1,0,Very High,Basic,41,1,51,1,6,3,3,33,3,1,5,0
Flipkart,Embedded Systems Intern,10000,Chandigarh,"Kubernetes, ReactJS","BE, B.Tech, BSc",2,3,0,0,0,Low,Basic,37,0,50,1,5,3,5,18,1,1,4,0
HCL,Data Science Intern,15000,Remote,"Kubernetes, Keras, ReactJS, CAD","MBA, MSc, BSc",4,3,1,0,0,Medium,Intermediate,32,0,46,1,3,13,7,66,2,2,7,1
Accenture,Cybersecurity Intern,15000,Bihar,"Power BI, Tableau, MATLAB, AWS","MSc, BE",4,2,0,0,0,Medium,Intermediate,41,1,42,0,2,2,0,71,2,2,4,0
IBM,Digital Marketing Intern,25000,Remote,"TensorFlow, SQL, AWS, Tableau, Kubernetes","BE, MSc, BSc",5,3,1,1,0,High,Advanced,43,1,39,0,4,13,8,31,0,0,10,1
Microsoft,Cloud Engineering Intern,10000,Bihar,"Excel, Linux",MSc,2,1,0,0,1,Low,Basic,26,0,38,0,1,2,10,67,1,1,5,0
TCS,Web Development Intern,25000,West Bengal,"Power BI, Docker, HTML/CSS, JavaScript, C++","BE, B.Tech, MSc",5,3,0,1,0,High,Advanced,30,0,47,1,10,17,11,20,0,0,8,1
Wipro,Digital Marketing Intern,30000,Karnataka,"AWS, Linux","BE, B.Tech",2,2,0,1,0,Very High,Basic,31,0,39,0,4,6,13,17,3,1,5,0
Cognizant,Data Science Intern,25000,Kerala,"Keras, Linux, NodeJS","B.Tech, BE",3,2,0,1,0,High,Intermediate,39,0,46,1,3,7,4,1,0,2,6,1
Tech Mahindra,Web Development Intern,25000,Assam,"Kubernetes, AWS","B.Tech, BE",2,2,0,1,0,High,Basic,40,0,47,1,10,1,12,1,0,1,5,0
Accenture,UI/UX Design Intern,10000,Telangana,"Java, Azure, Excel","MSc, BE",3,2,0,0,0,Low,Intermediate,41,1,61,1,9,15,0,71,1,2,4,0
Accenture,Data Science Intern,5000,Bihar,"Kubernetes, NodeJS, Linux, JavaScript, Python",MBA,5,1,0,0,0,Low,Advanced,41,1,46,1,3,2,0,50,1,0,4,0
Byjus,Mobile App Development Intern,30000,Kerala,"ReactJS, C++, MATLAB, PyTorch, Excel","BSc, MBA, MSc",5,3,0,1,0,Very High,Advanced,30,0,36,0,7,7,2,45,3,0,8,1
Infosys,UI/UX Design Intern,5000,Delhi,"CAD, JavaScript, Linux, HTML/CSS","MSc, B.Tech",4,2,0,0,0,Low,Intermediate,46,1,61,1,9,4,9,68,1,2,3,0
Accenture,Data Science Intern,20000,Assam,"Keras, Tableau, ReactJS, SQL, Power BI","BE, B.Tech, MBA",5,3,0,1,0,Medium,Advanced,41,1,46,1,3,1,0,19,2,0,7,1
HCL,Machine Learning Intern,25000,Maharashtra,"TensorFlow, PyTorch, Excel","B.Tech, MBA",3,2,0,1,0,High,Intermediate,32,0,51,1,6,9,7,8,0,2,6,1
Byjus,Data Science Intern,5000,Gujarat,"CAD, C++, Tableau, MATLAB, Power BI","BE, B.Tech",5,2,0,0,0,Low,Advanced,30,0,46,1,3,5,2,17,1,0,4,0
HCL,Digital Marketing Intern,30000,Remote,"Power BI, Excel, Python, MATLAB","BSc, MSc",4,2,1,1,0,Very High,Intermediate,32,0,39,0,4,13,7,46,3,2,8,1
Amazon,UI/UX Design Intern,10000,Remote,"Docker, Excel, TensorFlow, Azure","BE, B.Tech",4,2,1,0,1,Low,Intermediate,35,0,61,1,9,13,1,17,1,2,8,1
Infosys,Robotics Intern,5000,Assam,"CAD, PyTorch, ReactJS, Power BI, C++","MSc, BE",5,2,0,0,0,Low,Advanced,46,1,47,1,8,1,9,71,1,0,4,0
Tech Mahindra,Web Development Intern,15000,Bihar,"Docker, HTML/CSS, Excel, TensorFlow, Linux","MBA, MSc",5,2,0,0,0,Medium,Advanced,40,0,47,1,10,2,12,63,2,0,5,0
Byjus,Mobile App Development Intern,25000,Karnataka,"Python, Linux","BE, BSc",2,2,0,1,0,High,Basic,30,0,36,0,7,6,2,21,0,1,5,0
Capgemini,Machine Learning Intern,15000,Remote,"Keras, Java",B.Tech,2,1,1,0,0,Medium,Basic,41,1,51,1,6,13,3,0,2,1,5,0
Flipkart,Embedded Systems Intern,10000,Karnataka,"Excel, Keras, TensorFlow, C++, Linux","BE, MSc, BSc",5,3,0,0,0,Low,Advanced,37,0,50,1,5,6,5,31,1,0,6,1
Byjus,UI/UX Design Intern,15000,Kerala,"MATLAB, Python, Power BI, Linux, NodeJS","B.Tech, MBA, MSc",5,3,0,0,0,Medium,Advanced,30,0,61,1,9,7,2,11,2,0,6,1
IBM,Robotics Intern,20000,Tamil Nadu,"CAD, Docker","MBA, MSc, BE",2,3,0,1,0,Medium,Basic,43,1,47,1,8,14,8,65,2,1,5,0
TCS,Web Development Intern,25000,Odisha,"JavaScript, Java",MBA,2,1,0,1,0,High,Basic,30,0,47,1,10,10,11,50,0,1,5,0
Tech Mahindra,Robotics Intern,30000,Maharashtra,"PyTorch, SolidWorks, Python, Tableau, HTML/CSS","BE, MBA, MSc",5,3,0,1,0,Very High,Advanced,40,0,47,1,8,9,12,28,3,0,8,1
Tech Mahindra,Embedded Systems Intern,5000,Odisha,"Excel, NodeJS, MATLAB","B.Tech, MBA",3,2,0,0,0,Low,Intermediate,40,0,50,1,5,10,12,8,1,2,3,0
Infosys,Cybersecurity Intern,15000,Remote,"Java, MATLAB","MSc, BSc, BE",2,3,1,0,0,Medium,Basic,46,1,42,0,2,13,9,76,2,1,6,1
TCS,Mobile App Development Intern,15000,Remote,"SQL, ReactJS, Keras, CAD, C++","MBA, B.Tech, BE",5,3,1,0,0,Medium,Advanced,30,0,36,0,7,13,11,52,2,0,8,1
Byjus,Business Analyst Intern,20000,Chandigarh,"Java, AWS, Tableau, Power BI, CAD","B.Tech, MBA, MSc",5,3,0,1,0,Medium,Advanced,30,0,43,0,0,3,2,11,2,0,7,1
IBM,Embedded Systems Intern,15000,Karnataka,"JavaScript, CAD",BSc,2,1,0,0,0,Medium,Basic,43,1,50,1,5,6,8,33,2,1,3,0
Microsoft,Machine Learning Intern,20000,Assam,"Azure, PyTorch, Python, Tableau, AWS","B.Tech, MBA",5,2,0,1,1,Medium,Advanced,26,0,51,1,6,1,10,8,2,0,8,1
Google,Robotics Intern,10000,Assam,"MATLAB, Linux, SolidWorks","BE, MSc",3,2,0,0,1,Low,Intermediate,29,0,47,1,8,1,6,29,1,2,6,1
Wipro,Machine Learning Intern,10000,Chandigarh,"Docker, Tableau","B.Tech, MSc, MBA",2,3,0,0,0,Low,Basic,31,0,51,1,6,3,13,15,1,1,4,0
HCL,Business Analyst Intern,10000,Odisha,"Azure, TensorFlow, PyTorch, MATLAB, SQL",BSc,5,1,0,0,0,Low,Advanced,32,0,43,0,0,10,7,33,1,0,5,0
IBM,Business Analyst Intern,10000,Maharashtra,"Linux, HTML/CSS, Java, ReactJS, Tableau","MBA, BSc, B.Tech",5,3,0,0,0,Low,Advanced,43,1,43,0,0,9,8,60,1,0,6,1
Accenture,Embedded Systems Intern,25000,Delhi,"SolidWorks, Python","MSc, MBA, B.Tech",2,3,0,1,0,High,Basic,41,1,50,1,5,4,0,79,0,1,6,1
IBM,Cloud Engineering Intern,25000,Rajasthan,"JavaScript, Keras, Excel",BSc,3,1,0,1,0,High,Intermediate,43,1,38,0,1,12,8,33,0,2,6,1
Tech Mahindra,Web Development Intern,5000,Punjab,"TensorFlow, SQL","BSc, MSc, BE",2,3,0,0,0,Low,Basic,40,0,47,1,10,11,12,48,1,1,3,0
Amazon,UI/UX Design Intern,20000,Karnataka,"Tableau, NodeJS, Python",BSc,3,1,0,1,1,Medium,Intermediate,35,0,61,1,9,6,1,33,2,2,7,1
Wipro,Machine Learning Intern,30000,Madhya Pradesh,"MATLAB, HTML/CSS, SQL, Kubernetes","MBA, BE",4,2,0,1,0,Very High,Intermediate,31,0,51,1,6,8,13,55,3,2,6,1
Cognizant,UI/UX Design Intern,15000,Bihar,"SolidWorks, AWS, JavaScript, Python, Excel",BE,5,1,0,0,0,Medium,Advanced,39,0,61,1,9,2,4,16,2,0,5,0
Cognizant,Machine Learning Intern,20000,West Bengal,"MATLAB, Keras, Java, Kubernetes","B.Tech, MBA, MSc",4,3,0,1,0,Medium,Intermediate,39,0,51,1,6,17,4,11,2,2,6,1
Amazon,Cybersecurity Intern,10000,Odisha,"Tableau, Docker, SolidWorks, AWS, NodeJS","BE, BSc, MBA",5,3,0,0,1,Low,Advanced,35,0,42,0,2,10,1,23,1,0,8,1
Flipkart,UI/UX Design Intern,10000,Tamil Nadu,"Java, NodeJS, C++, Excel","MSc, MBA",4,2,0,0,0,Low,Intermediate,37,0,61,1,9,14,5,78,1,2,4,0
TCS,Business Analyst Intern,30000,Rajasthan,"CAD, SQL, JavaScript, Docker",MSc,4,1,0,1,0,Very High,Intermediate,30,0,43,0,0,12,11,67,3,2,6,1
HCL,Mobile App Development Intern,15000,Uttar Pradesh,"Keras, ReactJS",BE,2,1,0,0,0,Medium,Basic,32,0,36,0,7,16,7,16,2,1,3,0
Byjus,Machine Learning Intern,15000,Madhya Pradesh,"HTML/CSS, NodeJS, SQL","MSc, BSc, MBA",3,3,0,0,0,Medium,Intermediate,30,0,51,1,6,8,2,77,2,2,5,0
Capgemini,Cloud Engineering Intern,15000,Rajasthan,"HTML/CSS, TensorFlow, SQL, PyTorch","MSc, BE",4,2,0,0,0,Medium,Intermediate,41,1,38,0,1,12,3,71,2,2,4,0
Capgemini,Embedded Systems Intern,20000,Remote,"ReactJS, SQL","MSc, MBA",2,2,1,1,0,Medium,Basic,41,1,50,1,5,13,3,78,2,1,6,1
Cognizant,Mobile App Development Intern,5000,Kerala,"ReactJS, TensorFlow","MBA, B.Tech, BE",2,3,0,0,0,Low,Basic,39,0,36,0,7,7,4,52,1,1,3,0
IBM,UI/UX Design Intern,15000,Remote,"ReactJS, Kubernetes, Docker, Python, Excel",BE,5,1,1,0,0,Medium,Advanced,43,1,61,1,9,13,8,16,2,0,7,1
Tech Mahindra,Digital Marketing Intern,5000,Madhya Pradesh,"TensorFlow, Keras, Java",BSc,3,1,0,0,0,Low,Intermediate,40,0,39,0,4,8,12,33,1,2,3,0
Wipro,Web Development Intern,25000,Karnataka,"NodeJS, SolidWorks","MBA, MSc",2,2,0,1,0,High,Basic,31,0,47,1,10,6,13,63,0,1,5,0
Capgemini,Cybersecurity Intern,30000,Assam,"TensorFlow, Power BI, JavaScript, MATLAB","B.Tech, MSc, BE",4,3,0,1,0,Very High,Intermediate,41,1,42,0,2,1,3,13,3,2,7,1
Wipro,Robotics Intern,5000,Maharashtra,"Java, Python, Kubernetes","MBA, B.Tech",3,2,0,0,0,Low,Intermediate,31,0,47,1,8,9,13,51,1,2,3,0
Google,Web Development Intern,25000,Uttar Pradesh,"AWS, Keras","BE, BSc, MSc",2,3,0,1,1,High,Basic,29,0,47,1,10,16,6,24,0,1,8,1
Amazon,Embedded Systems Intern,20000,Uttar Pradesh,"C++, NodeJS, SQL, TensorFlow","MSc, BSc, MBA",4,3,0,1,1,Medium,Intermediate,35,0,50,1,5,16,1,77,2,2,8,1
Byjus,Robotics Intern,25000,Maharashtra,"MATLAB, Python, Docker","BSc, B.Tech, MSc",3,3,0,1,0,High,Intermediate,30,0,47,1,8,9,2,37,0,2,7,1
Tech Mahindra,Business Analyst Intern,15000,Punjab,"Tableau, MATLAB, HTML/CSS","BSc, MBA, BE",3,3,0,0,0,Medium,Intermediate,40,0,43,0,0,11,12,44,2,2,5,0
Infosys,Data Science Intern,20000,Bihar,"Excel, Keras, TensorFlow, Power BI",MBA,4,1,0,1,0,Medium,Intermediate,46,1,46,1,3,2,9,50,2,2,5,0
Infosys,UI/UX Design Intern,25000,Rajasthan,"Tableau, NodeJS, Java","BSc, MSc",3,2,0,1,0,High,Intermediate,46,1,61,1,9,12,9,46,0,2,6,1
Infosys,Embedded Systems Intern,30000,West Bengal,"Keras, CAD, Python","BSc, MBA",3,2,0,1,0,Very High,Intermediate,46,1,50,1,5,17,9,42,3,2,6,1
Capgemini,Robotics Intern,20000,Chandigarh,"Excel, SolidWorks, CAD, Docker, SQL","BE, BSc",5,2,0,1,0,Medium,Advanced,41,1,47,1,8,3,3,21,2,0,6,1
Capgemini,Business Analyst Intern,30000,Delhi,"Java, AWS","BSc, B.Tech, MSc",2,3,0,1,0,Very High,Basic,41,1,43,0,0,4,3,37,3,1,6,1
Microsoft,Business Analyst Intern,15000,Uttar Pradesh,"AWS, Linux",MSc,2,1,0,0,1,Medium,Basic,26,0,43,0,0,16,10,67,2,1,5,0
Google,Business Analyst Intern,10000,Karnataka,"SolidWorks, TensorFlow, PyTorch, Keras, Kubernetes","B.Tech, BSc",5,2,0,0,1,Low,Advanced,29,0,43,0,0,6,6,4,1,0,7,1
Google,Digital Marketing Intern,25000,Telangana,"Excel, C++, Power BI","B.Tech, BE, MBA",3,3,0,1,1,High,Intermediate,29,0,39,0,4,15,6,2,0,2,9,1
Wipro,UI/UX Design Intern,10000,Assam,"HTML/CSS, SQL","BE, MBA, B.Tech",2,3,0,0,0,Low,Basic,31,0,61,1,9,1,13,26,1,1,4,0
IBM,Robotics Intern,10000,Uttar Pradesh,"TensorFlow, Power BI, C++, SQL",BSc,4,1,0,0,0,Low,Intermediate,43,1,47,1,8,16,8,33,1,2,4,0
Cognizant,UI/UX Design Intern,10000,Kerala,"Tableau, CAD, Kubernetes",MBA,3,1,0,0,0,Low,Intermediate,39,0,61,1,9,7,4,50,1,2,4,0
Flipkart,Digital Marketing Intern,25000,West Bengal,"AWS, Python","BSc, MBA",2,2,0,1,0,High,Basic,37,0,39,0,4,17,5,42,0,1,5,0
Amazon,Cloud Engineering Intern,5000,Tamil Nadu,"Azure, Keras","B.Tech, BSc, MBA",2,3,0,0,1,Low,Basic,35,0,38,0,1,14,1,6,1,1,5,0
Cognizant,Embedded Systems Intern,15000,Telangana,"Kubernetes, Python, ReactJS, MATLAB","BE, BSc",4,2,0,0,0,Medium,Intermediate,39,0,50,1,5,15,4,21,2,2,4,0
Capgemini,Data Science Intern,10000,Rajasthan,"Python, Keras, Kubernetes, NodeJS","B.Tech, BSc",4,2,0,0,0,Low,Intermediate,41,1,46,1,3,12,3,4,1,2,4,0
Accenture,Business Analyst Intern,25000,Gujarat,"Tableau, SQL, Java, MATLAB, TensorFlow",BE,5,1,0,1,0,High,Advanced,41,1,43,0,0,5,0,16,0,0,7,1
Cognizant,Data Science Intern,30000,Uttar Pradesh,"Python, NodeJS, Java","BSc, BE",3,2,0,1,0,Very High,Intermediate,39,0,46,1,3,16,4,38,3,2,6,1
Wipro,Cybersecurity Intern,5000,Chandigarh,"Python, MATLAB, HTML/CSS, AWS, SolidWorks","BE, BSc, B.Tech",5,3,0,0,0,Low,Advanced,31,0,42,0,2,3,13,22,1,0,5,0
Accenture,Cybersecurity Intern,20000,Assam,"AWS, Java, Excel, ReactJS",MSc,4,1,0,1,0,Medium,Intermediate,41,1,42,0,2,1,0,67,2,2,5,0
IBM,UI/UX Design Intern,30000,Chandigarh,"JavaScript, NodeJS, C++","BSc, MSc, B.Tech",3,3,0,1,0,Very High,Intermediate,43,1,61,1,9,3,8,47,3,2,7,1
Google,Web Development Intern,5000,Gujarat,"Tableau, HTML/CSS","BE, BSc",2,2,0,0,1,Low,Basic,29,0,47,1,10,5,6,21,1,1,4,0
IBM,Digital Marketing Intern,15000,Gujarat,"ReactJS, AWS, Linux, PyTorch, JavaScript",MSc,5,1,0,0,0,Medium,Advanced,43,1,39,0,4,5,8,67,2,0,5,0
TCS,Cybersecurity Intern,30000,Karnataka,"Java, Kubernetes, SQL, TensorFlow",B.Tech,4,1,0,1,0,Very High,Intermediate,30,0,42,0,2,6,11,0,3,2,6,1
TCS,Web Development Intern,20000,Andhra Pradesh,"Linux, Python, MATLAB, Keras, Power BI","MBA, BSc, BE",5,3,0,1,0,Medium,Advanced,30,0,47,1,10,0,11,61,2,0,7,1
Cognizant,Embedded Systems Intern,20000,Andhra Pradesh,"Excel, Azure",MBA,2,1,0,1,0,Medium,Basic,39,0,50,1,5,0,4,50,2,1,4,0
Tech Mahindra,UI/UX Design Intern,5000,Maharashtra,"CAD, ReactJS, Power BI","B.Tech, MSc",3,2,0,0,0,Low,Intermediate,40,0,61,1,9,9,12,12,1,2,3,0
Infosys,Web Development Intern,30000,Madhya Pradesh,"AWS, Excel, CAD, ReactJS",BE,4,1,0,1,0,Very High,Intermediate,46,1,47,1,10,8,9,16,3,2,6,1
Cognizant,Embedded Systems Intern,20000,Punjab,"PyTorch, C++, MATLAB, Keras",BSc,4,1,0,1,0,Medium,Intermediate,39,0,50,1,5,11,4,33,2,2,5,0
Microsoft,Web Development Intern,25000,Odisha,"Power BI, HTML/CSS, NodeJS, C++","BSc, BE, B.Tech",4,3,0,1,1,High,Intermediate,26,0,47,1,10,10,10,39,0,2,9,1
Amazon,Mobile App Development Intern,25000,Kerala,"PyTorch, C++, HTML/CSS",MSc,3,1,0,1,1,High,Intermediate,35,0,36,0,7,7,1,67,0,2,8,1
Byjus,Mobile App Development Intern,15000,Maharashtra,"Docker, NodeJS, Linux, Azure","BE, B.Tech, MSc",4,3,0,0,0,Medium,Intermediate,30,0,36,0,7,9,2,20,2,2,5,0
Google,Business Analyst Intern,20000,Rajasthan,"NodeJS, HTML/CSS, MATLAB",BSc,3,1,0,1,1,Medium,Intermediate,29,0,43,0,0,12,6,33,2,2,7,1
TCS,Cloud Engineering Intern,15000,Assam,"Java, Python",BSc,2,1,0,0,0,Medium,Basic,30,0,38,0,1,1,11,33,2,1,3,0
Infosys,Machine Learning Intern,20000,Maharashtra,"Azure, JavaScript",BSc,2,1,0,1,0,Medium,Basic,46,1,51,1,6,9,9,33,2,1,4,0
Tech Mahindra,Robotics Intern,25000,Karnataka,"JavaScript, Tableau","MSc, BE",2,2,0,1,0,High,Basic,40,0,47,1,8,6,12,71,0,1,5,0
Cognizant,Web Development Intern,5000,Uttar Pradesh,"Power BI, SolidWorks","MSc, MBA",2,2,0,0,0,Low,Basic,39,0,47,1,10,16,4,78,1,1,2,0
Infosys,Embedded Systems Intern,15000,Bihar,"Tableau, Power BI, PyTorch, NodeJS","MBA, B.Tech",4,2,0,0,0,Medium,Intermediate,46,1,50,1,5,2,9,51,2,2,4,0
IBM,Embedded Systems Intern,30000,Bihar,"Docker, Excel","BSc, B.Tech",2,2,0,1,0,Very High,Basic,43,1,50,1,5,2,8,34,3,1,5,0
Cognizant,Embedded Systems Intern,10000,Andhra Pradesh,"Power BI, Java, SQL","BE, MSc, BSc",3,3,0,0,0,Low,Intermediate,39,0,50,1,5,0,4,31,1,2,5,0
HCL,UI/UX Design Intern,5000,West Bengal,"TensorFlow, Kubernetes, Java, MATLAB, Keras","MBA, B.Tech, BE",5,3,0,0,0,Low,Advanced,32,0,61,1,9,17,7,52,1,0,5,0
